country_region_code,country_region,sub_region_1,sub_region_2,metro_area,iso_3166_2_code,census_fips_code,place_id,date,retail_and_recreation_percent_change_from_baseline,grocery_and_pharmacy_percent_change_from_baseline,parks_percent_change_from_baseline,transit_stations_percent_change_from_baseline,workplaces_percent_change_from_baseline,residential_percent_change_from_baseline
ID,Indonesia,Jakarta,,,ID-JK,,ChIJnUvjRenzaS4RILjULejFAAE,2/15/2020,2,3,16,5,6,0
ID,Indonesia,Jakarta,,,ID-JK,,ChIJnUvjRenzaS4RILjULejFAAE,2/16/2020,-10,-10,-15,-3,2,2
ID,Indonesia,Jakarta,,,ID-JK,,ChIJnUvjRenzaS4RILjULejFAAE,2/17/2020,-2,-1,-6,2,4,1
ID,Indonesia,Jakarta,,,ID-JK,,ChIJnUvjRenzaS4RILjULejFAAE,2/18/2020,-1,1,-3,3,3,1
ID,Indonesia,Jakarta,,,ID-JK,,ChIJnUvjRenzaS4RILjULejFAAE,2/19/2020,-1,-3,-2,3,3,1
ID,Indonesia,Jakarta,,,ID-JK,,ChIJnUvjRenzaS4RILjULejFAAE,2/20/2020,-2,-1,-2,5,2,1
ID,Indonesia,Jakarta,,,ID-JK,,ChIJnUvjRenzaS4RILjULejFAAE,2/21/2020,6,4,18,5,6,0
ID,Indonesia,Jakarta,,,ID-JK,,ChIJnUvjRenzaS4RILjULejFAAE,2/22/2020,2,3,11,5,6,0
ID,Indonesia,Jakarta,,,ID-JK,,ChIJnUvjRenzaS4RILjULejFAAE,2/23/2020,-7,-4,-11,-1,1,2
ID,Indonesia,Jakarta,,,ID-JK,,ChIJnUvjRenzaS4RILjULejFAAE,2/24/2020,-2,-1,-3,0,3,1
ID,Indonesia,Jakarta,,,ID-JK,,ChIJnUvjRenzaS4RILjULejFAAE,2/25/2020,-17,-7,-17,-12,-24,10
ID,Indonesia,Jakarta,,,ID-JK,,ChIJnUvjRenzaS4RILjULejFAAE,2/26/2020,2,5,3,4,3,-1
ID,Indonesia,Jakarta,,,ID-JK,,ChIJnUvjRenzaS4RILjULejFAAE,2/27/2020,2,5,1,4,4,0
ID,Indonesia,Jakarta,,,ID-JK,,ChIJnUvjRenzaS4RILjULejFAAE,2/28/2020,9,12,7,8,6,0
ID,Indonesia,Jakarta,,,ID-JK,,ChIJnUvjRenzaS4RILjULejFAAE,2/29/2020,5,12,-1,9,8,-1
ID,Indonesia,Jakarta,,,ID-JK,,ChIJnUvjRenzaS4RILjULejFAAE,3/1/2020,4,10,-11,6,6,0
ID,Indonesia,Jakarta,,,ID-JK,,ChIJnUvjRenzaS4RILjULejFAAE,3/2/2020,6,24,5,5,6,-1
ID,Indonesia,Jakarta,,,ID-JK,,ChIJnUvjRenzaS4RILjULejFAAE,3/3/2020,3,17,-1,3,5,0
ID,Indonesia,Jakarta,,,ID-JK,,ChIJnUvjRenzaS4RILjULejFAAE,3/4/2020,-2,4,-8,1,4,1
ID,Indonesia,Jakarta,,,ID-JK,,ChIJnUvjRenzaS4RILjULejFAAE,3/5/2020,3,8,1,4,5,0
ID,Indonesia,Jakarta,,,ID-JK,,ChIJnUvjRenzaS4RILjULejFAAE,3/6/2020,10,11,19,5,8,0
ID,Indonesia,Jakarta,,,ID-JK,,ChIJnUvjRenzaS4RILjULejFAAE,3/7/2020,4,12,15,6,7,-1
ID,Indonesia,Jakarta,,,ID-JK,,ChIJnUvjRenzaS4RILjULejFAAE,3/8/2020,0,6,1,3,6,0
ID,Indonesia,Jakarta,,,ID-JK,,ChIJnUvjRenzaS4RILjULejFAAE,3/9/2020,3,6,7,3,5,1
ID,Indonesia,Jakarta,,,ID-JK,,ChIJnUvjRenzaS4RILjULejFAAE,3/10/2020,1,6,2,3,4,1
ID,Indonesia,Jakarta,,,ID-JK,,ChIJnUvjRenzaS4RILjULejFAAE,3/11/2020,1,3,3,2,4,1
ID,Indonesia,Jakarta,,,ID-JK,,ChIJnUvjRenzaS4RILjULejFAAE,3/12/2020,-3,-2,-7,1,3,2
ID,Indonesia,Jakarta,,,ID-JK,,ChIJnUvjRenzaS4RILjULejFAAE,3/13/2020,8,9,16,2,5,1
ID,Indonesia,Jakarta,,,ID-JK,,ChIJnUvjRenzaS4RILjULejFAAE,3/14/2020,-12,2,-17,-8,5,2
ID,Indonesia,Jakarta,,,ID-JK,,ChIJnUvjRenzaS4RILjULejFAAE,3/15/2020,-20,3,-37,-19,5,4
ID,Indonesia,Jakarta,,,ID-JK,,ChIJnUvjRenzaS4RILjULejFAAE,3/16/2020,-18,-5,-23,-18,-10,7
ID,Indonesia,Jakarta,,,ID-JK,,ChIJnUvjRenzaS4RILjULejFAAE,3/17/2020,-16,3,-23,-27,-15,8
ID,Indonesia,Jakarta,,,ID-JK,,ChIJnUvjRenzaS4RILjULejFAAE,3/18/2020,-22,-3,-28,-32,-19,11
ID,Indonesia,Jakarta,,,ID-JK,,ChIJnUvjRenzaS4RILjULejFAAE,3/19/2020,-28,-12,-33,-38,-21,12
ID,Indonesia,Jakarta,,,ID-JK,,ChIJnUvjRenzaS4RILjULejFAAE,3/20/2020,-30,-11,-32,-42,-23,15
ID,Indonesia,Jakarta,,,ID-JK,,ChIJnUvjRenzaS4RILjULejFAAE,3/21/2020,-35,-5,-38,-40,-10,11
ID,Indonesia,Jakarta,,,ID-JK,,ChIJnUvjRenzaS4RILjULejFAAE,3/22/2020,-49,-22,-59,-49,-12,14
ID,Indonesia,Jakarta,,,ID-JK,,ChIJnUvjRenzaS4RILjULejFAAE,3/23/2020,-40,-19,-43,-53,-34,18
ID,Indonesia,Jakarta,,,ID-JK,,ChIJnUvjRenzaS4RILjULejFAAE,3/24/2020,-43,-18,-46,-56,-40,19
ID,Indonesia,Jakarta,,,ID-JK,,ChIJnUvjRenzaS4RILjULejFAAE,3/25/2020,-54,-29,-55,-69,-69,28
ID,Indonesia,Jakarta,,,ID-JK,,ChIJnUvjRenzaS4RILjULejFAAE,3/26/2020,-47,-24,-46,-60,-43,20
ID,Indonesia,Jakarta,,,ID-JK,,ChIJnUvjRenzaS4RILjULejFAAE,3/27/2020,-46,-17,-43,-61,-44,22
ID,Indonesia,Jakarta,,,ID-JK,,ChIJnUvjRenzaS4RILjULejFAAE,3/28/2020,-54,-21,-51,-58,-31,17
ID,Indonesia,Jakarta,,,ID-JK,,ChIJnUvjRenzaS4RILjULejFAAE,3/29/2020,-59,-28,-63,-60,-26,17
ID,Indonesia,Jakarta,,,ID-JK,,ChIJnUvjRenzaS4RILjULejFAAE,3/30/2020,-51,-26,-50,-63,-45,22
ID,Indonesia,Jakarta,,,ID-JK,,ChIJnUvjRenzaS4RILjULejFAAE,3/31/2020,-50,-21,-52,-62,-47,22
ID,Indonesia,Jakarta,,,ID-JK,,ChIJnUvjRenzaS4RILjULejFAAE,4/1/2020,-47,-16,-49,-62,-47,21
ID,Indonesia,Jakarta,,,ID-JK,,ChIJnUvjRenzaS4RILjULejFAAE,4/2/2020,-48,-19,-46,-63,-47,22
ID,Indonesia,Jakarta,,,ID-JK,,ChIJnUvjRenzaS4RILjULejFAAE,4/3/2020,-47,-19,-44,-63,-46,23
ID,Indonesia,Jakarta,,,ID-JK,,ChIJnUvjRenzaS4RILjULejFAAE,4/4/2020,-53,-21,-52,-60,-34,18
ID,Indonesia,Jakarta,,,ID-JK,,ChIJnUvjRenzaS4RILjULejFAAE,4/5/2020,-57,-27,-64,-62,-28,17
ID,Indonesia,Jakarta,,,ID-JK,,ChIJnUvjRenzaS4RILjULejFAAE,4/6/2020,-50,-30,-52,-63,-44,22
ID,Indonesia,Jakarta,,,ID-JK,,ChIJnUvjRenzaS4RILjULejFAAE,4/7/2020,-47,-18,-48,-62,-46,21
ID,Indonesia,Jakarta,,,ID-JK,,ChIJnUvjRenzaS4RILjULejFAAE,4/8/2020,-48,-23,-51,-63,-46,22
ID,Indonesia,Jakarta,,,ID-JK,,ChIJnUvjRenzaS4RILjULejFAAE,4/9/2020,-47,-17,-48,-61,-45,20
ID,Indonesia,Jakarta,,,ID-JK,,ChIJnUvjRenzaS4RILjULejFAAE,4/10/2020,-68,-46,-61,-79,-73,34
ID,Indonesia,Jakarta,,,ID-JK,,ChIJnUvjRenzaS4RILjULejFAAE,4/11/2020,-63,-34,-61,-69,-43,22
ID,Indonesia,Jakarta,,,ID-JK,,ChIJnUvjRenzaS4RILjULejFAAE,4/12/2020,-67,-39,-71,-70,-33,20
ID,Indonesia,Jakarta,,,ID-JK,,ChIJnUvjRenzaS4RILjULejFAAE,4/13/2020,-55,-31,-53,-69,-50,25
ID,Indonesia,Jakarta,,,ID-JK,,ChIJnUvjRenzaS4RILjULejFAAE,4/14/2020,-55,-28,-53,-68,-51,24
ID,Indonesia,Jakarta,,,ID-JK,,ChIJnUvjRenzaS4RILjULejFAAE,4/15/2020,-56,-30,-55,-68,-51,25
ID,Indonesia,Jakarta,,,ID-JK,,ChIJnUvjRenzaS4RILjULejFAAE,4/16/2020,-55,-29,-51,-69,-51,24
ID,Indonesia,Jakarta,,,ID-JK,,ChIJnUvjRenzaS4RILjULejFAAE,4/17/2020,-55,-28,-47,-70,-50,26
ID,Indonesia,Jakarta,,,ID-JK,,ChIJnUvjRenzaS4RILjULejFAAE,4/18/2020,-62,-34,-59,-66,-37,20
ID,Indonesia,Jakarta,,,ID-JK,,ChIJnUvjRenzaS4RILjULejFAAE,4/19/2020,-64,-36,-67,-67,-29,18
ID,Indonesia,Jakarta,,,ID-JK,,ChIJnUvjRenzaS4RILjULejFAAE,4/20/2020,-56,-32,-53,-69,-49,24
ID,Indonesia,Jakarta,,,ID-JK,,ChIJnUvjRenzaS4RILjULejFAAE,4/21/2020,-58,-33,-56,-69,-51,24
ID,Indonesia,Jakarta,,,ID-JK,,ChIJnUvjRenzaS4RILjULejFAAE,4/22/2020,-56,-31,-54,-67,-50,23
ID,Indonesia,Jakarta,,,ID-JK,,ChIJnUvjRenzaS4RILjULejFAAE,4/23/2020,-54,-24,-52,-65,-50,22
ID,Indonesia,Jakarta,,,ID-JK,,ChIJnUvjRenzaS4RILjULejFAAE,4/24/2020,-64,-37,-59,-73,-55,29
ID,Indonesia,Jakarta,,,ID-JK,,ChIJnUvjRenzaS4RILjULejFAAE,4/25/2020,-65,-35,-63,-69,-41,22
ID,Indonesia,Jakarta,,,ID-JK,,ChIJnUvjRenzaS4RILjULejFAAE,4/26/2020,-68,-43,-73,-72,-33,21
ID,Indonesia,Jakarta,,,ID-JK,,ChIJnUvjRenzaS4RILjULejFAAE,4/27/2020,-60,-38,-58,-71,-50,26
ID,Indonesia,Jakarta,,,ID-JK,,ChIJnUvjRenzaS4RILjULejFAAE,4/28/2020,-60,-34,-58,-70,-51,25
ID,Indonesia,Jakarta,,,ID-JK,,ChIJnUvjRenzaS4RILjULejFAAE,4/29/2020,-59,-35,-58,-70,-50,24
ID,Indonesia,Jakarta,,,ID-JK,,ChIJnUvjRenzaS4RILjULejFAAE,4/30/2020,-57,-28,-54,-68,-49,24
ID,Indonesia,Jakarta,,,ID-JK,,ChIJnUvjRenzaS4RILjULejFAAE,5/1/2020,-61,-28,-54,-76,-70,32
ID,Indonesia,Jakarta,,,ID-JK,,ChIJnUvjRenzaS4RILjULejFAAE,5/2/2020,-62,-29,-59,-67,-39,21
ID,Indonesia,Jakarta,,,ID-JK,,ChIJnUvjRenzaS4RILjULejFAAE,5/3/2020,-64,-34,-68,-68,-29,19
ID,Indonesia,Jakarta,,,ID-JK,,ChIJnUvjRenzaS4RILjULejFAAE,5/4/2020,-56,-31,-54,-68,-48,24
ID,Indonesia,Jakarta,,,ID-JK,,ChIJnUvjRenzaS4RILjULejFAAE,5/5/2020,-57,-29,-54,-68,-50,24
ID,Indonesia,Jakarta,,,ID-JK,,ChIJnUvjRenzaS4RILjULejFAAE,5/6/2020,-57,-31,-56,-68,-49,24
ID,Indonesia,Jakarta,,,ID-JK,,ChIJnUvjRenzaS4RILjULejFAAE,5/7/2020,-61,-29,-94,-73,-70,30
ID,Indonesia,Jakarta,,,ID-JK,,ChIJnUvjRenzaS4RILjULejFAAE,5/8/2020,-56,-24,-94,-65,-48,26
ID,Indonesia,Jakarta,,,ID-JK,,ChIJnUvjRenzaS4RILjULejFAAE,5/9/2020,-60,-25,-95,-62,-36,20
ID,Indonesia,Jakarta,,,ID-JK,,ChIJnUvjRenzaS4RILjULejFAAE,5/10/2020,-63,-31,-96,-64,-28,19
ID,Indonesia,Jakarta,,,ID-JK,,ChIJnUvjRenzaS4RILjULejFAAE,5/11/2020,-52,-21,-94,-63,-46,24
ID,Indonesia,Jakarta,,,ID-JK,,ChIJnUvjRenzaS4RILjULejFAAE,5/12/2020,-55,-24,-94,-64,-49,24
ID,Indonesia,Jakarta,,,ID-JK,,ChIJnUvjRenzaS4RILjULejFAAE,5/13/2020,-54,-22,-94,-63,-48,24
ID,Indonesia,Jakarta,,,ID-JK,,ChIJnUvjRenzaS4RILjULejFAAE,5/14/2020,-53,-20,-92,-64,-48,23
ID,Indonesia,Jakarta,,,ID-JK,,ChIJnUvjRenzaS4RILjULejFAAE,5/15/2020,-50,-14,-91,-65,-46,23
ID,Indonesia,Jakarta,,,ID-JK,,ChIJnUvjRenzaS4RILjULejFAAE,5/16/2020,-54,-14,-93,-60,-33,18
ID,Indonesia,Jakarta,,,ID-JK,,ChIJnUvjRenzaS4RILjULejFAAE,5/17/2020,-56,-18,-94,-62,-24,17
ID,Indonesia,Jakarta,,,ID-JK,,ChIJnUvjRenzaS4RILjULejFAAE,5/18/2020,-51,-22,-92,-64,-46,23
ID,Indonesia,Jakarta,,,ID-JK,,ChIJnUvjRenzaS4RILjULejFAAE,5/19/2020,-47,-8,-92,-61,-47,22
ID,Indonesia,Jakarta,,,ID-JK,,ChIJnUvjRenzaS4RILjULejFAAE,5/20/2020,-48,-14,-91,-61,-47,22
ID,Indonesia,Jakarta,,,ID-JK,,ChIJnUvjRenzaS4RILjULejFAAE,5/21/2020,-46,-1,-90,-65,-69,26
ID,Indonesia,Jakarta,,,ID-JK,,ChIJnUvjRenzaS4RILjULejFAAE,5/22/2020,-46,-4,-90,-63,-60,27
ID,Indonesia,Jakarta,,,ID-JK,,ChIJnUvjRenzaS4RILjULejFAAE,5/23/2020,-54,-6,-92,-57,-48,19
ID,Indonesia,Jakarta,,,ID-JK,,ChIJnUvjRenzaS4RILjULejFAAE,5/24/2020,-65,-34,-93,-61,-37,13
ID,Indonesia,Jakarta,,,ID-JK,,ChIJnUvjRenzaS4RILjULejFAAE,5/25/2020,-59,-28,-91,-73,-78,26
ID,Indonesia,Jakarta,,,ID-JK,,ChIJnUvjRenzaS4RILjULejFAAE,5/26/2020,-54,-21,-91,-66,-58,23
ID,Indonesia,Jakarta,,,ID-JK,,ChIJnUvjRenzaS4RILjULejFAAE,5/27/2020,-52,-21,-91,-65,-52,23
ID,Indonesia,Jakarta,,,ID-JK,,ChIJnUvjRenzaS4RILjULejFAAE,5/28/2020,-50,-17,-91,-64,-49,22
ID,Indonesia,Jakarta,,,ID-JK,,ChIJnUvjRenzaS4RILjULejFAAE,5/29/2020,-49,-16,-90,-64,-47,24
ID,Indonesia,Jakarta,,,ID-JK,,ChIJnUvjRenzaS4RILjULejFAAE,5/30/2020,-54,-18,-91,-60,-33,17
ID,Indonesia,Jakarta,,,ID-JK,,ChIJnUvjRenzaS4RILjULejFAAE,5/31/2020,-56,-23,-93,-60,-22,15
ID,Indonesia,Jakarta,,,ID-JK,,ChIJnUvjRenzaS4RILjULejFAAE,6/1/2020,-51,-18,-90,-69,-68,27
ID,Indonesia,Jakarta,,,ID-JK,,ChIJnUvjRenzaS4RILjULejFAAE,6/2/2020,-46,-14,-91,-58,-41,19
ID,Indonesia,Jakarta,,,ID-JK,,ChIJnUvjRenzaS4RILjULejFAAE,6/3/2020,-47,-16,-91,-59,-42,20
ID,Indonesia,Jakarta,,,ID-JK,,ChIJnUvjRenzaS4RILjULejFAAE,6/4/2020,-46,-14,-90,-59,-41,20
ID,Indonesia,Jakarta,,,ID-JK,,ChIJnUvjRenzaS4RILjULejFAAE,6/5/2020,-44,-13,-88,-58,-38,21
ID,Indonesia,Jakarta,,,ID-JK,,ChIJnUvjRenzaS4RILjULejFAAE,6/6/2020,-48,-13,-90,-55,-27,15
ID,Indonesia,Jakarta,,,ID-JK,,ChIJnUvjRenzaS4RILjULejFAAE,6/7/2020,-52,-18,-91,-56,-20,14
ID,Indonesia,Jakarta,,,ID-JK,,ChIJnUvjRenzaS4RILjULejFAAE,6/8/2020,-41,-14,-88,-53,-35,18
ID,Indonesia,Jakarta,,,ID-JK,,ChIJnUvjRenzaS4RILjULejFAAE,6/9/2020,-44,-16,-89,-54,-37,18
ID,Indonesia,Jakarta,,,ID-JK,,ChIJnUvjRenzaS4RILjULejFAAE,6/10/2020,-42,-15,-89,-53,-36,18
ID,Indonesia,Jakarta,,,ID-JK,,ChIJnUvjRenzaS4RILjULejFAAE,6/11/2020,-41,-16,-87,-54,-37,18
ID,Indonesia,Jakarta,,,ID-JK,,ChIJnUvjRenzaS4RILjULejFAAE,6/12/2020,-38,-13,-85,-54,-35,19
ID,Indonesia,Jakarta,,,ID-JK,,ChIJnUvjRenzaS4RILjULejFAAE,6/13/2020,-44,-14,-86,-51,-23,14
ID,Indonesia,Jakarta,,,ID-JK,,ChIJnUvjRenzaS4RILjULejFAAE,6/14/2020,-47,-18,-87,-51,-17,13
ID,Indonesia,Jakarta,,,ID-JK,,ChIJnUvjRenzaS4RILjULejFAAE,6/15/2020,-33,-12,-85,-49,-33,16
ID,Indonesia,Jakarta,,,ID-JK,,ChIJnUvjRenzaS4RILjULejFAAE,6/16/2020,-35,-13,-86,-49,-35,16
ID,Indonesia,Jakarta,,,ID-JK,,ChIJnUvjRenzaS4RILjULejFAAE,6/17/2020,-35,-13,-86,-49,-34,16
ID,Indonesia,Jakarta,,,ID-JK,,ChIJnUvjRenzaS4RILjULejFAAE,6/18/2020,-34,-14,-85,-50,-35,16
ID,Indonesia,Jakarta,,,ID-JK,,ChIJnUvjRenzaS4RILjULejFAAE,6/19/2020,-33,-13,-83,-49,-33,17
ID,Indonesia,Jakarta,,,ID-JK,,ChIJnUvjRenzaS4RILjULejFAAE,6/20/2020,-37,-12,-83,-45,-21,11
ID,Indonesia,Jakarta,,,ID-JK,,ChIJnUvjRenzaS4RILjULejFAAE,6/21/2020,-40,-16,-85,-45,-16,12
ID,Indonesia,Jakarta,,,ID-JK,,ChIJnUvjRenzaS4RILjULejFAAE,6/22/2020,-31,-13,-84,-48,-34,16
ID,Indonesia,Jakarta,,,ID-JK,,ChIJnUvjRenzaS4RILjULejFAAE,6/23/2020,-33,-13,-85,-48,-35,16
ID,Indonesia,Jakarta,,,ID-JK,,ChIJnUvjRenzaS4RILjULejFAAE,6/24/2020,-33,-15,-85,-47,-34,16
ID,Indonesia,Jakarta,,,ID-JK,,ChIJnUvjRenzaS4RILjULejFAAE,6/25/2020,-31,-9,-84,-47,-34,15
ID,Indonesia,Jakarta,,,ID-JK,,ChIJnUvjRenzaS4RILjULejFAAE,6/26/2020,-28,-6,-83,-46,-32,16
ID,Indonesia,Jakarta,,,ID-JK,,ChIJnUvjRenzaS4RILjULejFAAE,6/27/2020,-32,-6,-82,-40,-21,10
ID,Indonesia,Jakarta,,,ID-JK,,ChIJnUvjRenzaS4RILjULejFAAE,6/28/2020,-38,-12,-83,-43,-15,10
ID,Indonesia,Jakarta,,,ID-JK,,ChIJnUvjRenzaS4RILjULejFAAE,6/29/2020,-28,-7,-83,-45,-32,14
ID,Indonesia,Jakarta,,,ID-JK,,ChIJnUvjRenzaS4RILjULejFAAE,6/30/2020,-27,-3,-77,-45,-33,14
ID,Indonesia,Jakarta,,,ID-JK,,ChIJnUvjRenzaS4RILjULejFAAE,7/1/2020,-27,-4,-77,-44,-33,14
ID,Indonesia,Jakarta,,,ID-JK,,ChIJnUvjRenzaS4RILjULejFAAE,7/2/2020,-30,-8,-77,-45,-34,15
ID,Indonesia,Jakarta,,,ID-JK,,ChIJnUvjRenzaS4RILjULejFAAE,7/3/2020,-24,-3,-72,-43,-32,15
ID,Indonesia,Jakarta,,,ID-JK,,ChIJnUvjRenzaS4RILjULejFAAE,7/4/2020,-29,-4,-73,-38,-21,10
ID,Indonesia,Jakarta,,,ID-JK,,ChIJnUvjRenzaS4RILjULejFAAE,7/5/2020,-33,-9,-75,-39,-17,9
ID,Indonesia,Jakarta,,,ID-JK,,ChIJnUvjRenzaS4RILjULejFAAE,7/6/2020,-25,-6,-75,-43,-32,14
ID,Indonesia,Jakarta,,,ID-JK,,ChIJnUvjRenzaS4RILjULejFAAE,7/7/2020,-26,-6,-76,-42,-33,14
ID,Indonesia,Jakarta,,,ID-JK,,ChIJnUvjRenzaS4RILjULejFAAE,7/8/2020,-27,-9,-76,-43,-32,14
ID,Indonesia,Jakarta,,,ID-JK,,ChIJnUvjRenzaS4RILjULejFAAE,7/9/2020,-27,-8,-75,-43,-32,14
ID,Indonesia,Jakarta,,,ID-JK,,ChIJnUvjRenzaS4RILjULejFAAE,7/10/2020,-24,-6,-71,-43,-30,15
ID,Indonesia,Jakarta,,,ID-JK,,ChIJnUvjRenzaS4RILjULejFAAE,7/11/2020,-29,-6,-72,-38,-19,10
ID,Indonesia,Jakarta,,,ID-JK,,ChIJnUvjRenzaS4RILjULejFAAE,7/12/2020,-33,-10,-75,-39,-15,9
ID,Indonesia,Jakarta,,,ID-JK,,ChIJnUvjRenzaS4RILjULejFAAE,7/13/2020,-26,-8,-74,-44,-31,14
ID,Indonesia,Jakarta,,,ID-JK,,ChIJnUvjRenzaS4RILjULejFAAE,7/14/2020,-29,-11,-76,-44,-33,15
ID,Indonesia,Jakarta,,,ID-JK,,ChIJnUvjRenzaS4RILjULejFAAE,7/15/2020,-28,-12,-75,-44,-32,15
ID,Indonesia,Jakarta,,,ID-JK,,ChIJnUvjRenzaS4RILjULejFAAE,7/16/2020,-28,-10,-73,-43,-31,15
ID,Indonesia,Jakarta,,,ID-JK,,ChIJnUvjRenzaS4RILjULejFAAE,7/17/2020,-25,-8,-69,-43,-30,15
ID,Indonesia,Jakarta,,,ID-JK,,ChIJnUvjRenzaS4RILjULejFAAE,7/18/2020,-29,-7,-69,-38,-19,10
ID,Indonesia,Jakarta,,,ID-JK,,ChIJnUvjRenzaS4RILjULejFAAE,7/19/2020,-33,-11,-72,-39,-14,10
ID,Indonesia,Jakarta,,,ID-JK,,ChIJnUvjRenzaS4RILjULejFAAE,7/20/2020,-27,-9,-72,-43,-31,15
ID,Indonesia,Jakarta,,,ID-JK,,ChIJnUvjRenzaS4RILjULejFAAE,7/21/2020,-30,-12,-73,-43,-33,15
ID,Indonesia,Jakarta,,,ID-JK,,ChIJnUvjRenzaS4RILjULejFAAE,7/22/2020,-29,-13,-73,-44,-31,15
ID,Indonesia,Jakarta,,,ID-JK,,ChIJnUvjRenzaS4RILjULejFAAE,7/23/2020,-29,-12,-72,-45,-31,15
ID,Indonesia,Jakarta,,,ID-JK,,ChIJnUvjRenzaS4RILjULejFAAE,7/24/2020,-24,-6,-67,-42,-29,15
ID,Indonesia,Jakarta,,,ID-JK,,ChIJnUvjRenzaS4RILjULejFAAE,7/25/2020,-26,-3,-68,-35,-19,10
ID,Indonesia,Jakarta,,,ID-JK,,ChIJnUvjRenzaS4RILjULejFAAE,7/26/2020,-32,-9,-72,-37,-14,9
ID,Indonesia,Jakarta,,,ID-JK,,ChIJnUvjRenzaS4RILjULejFAAE,7/27/2020,-26,-8,-71,-42,-31,14
ID,Indonesia,Jakarta,,,ID-JK,,ChIJnUvjRenzaS4RILjULejFAAE,7/28/2020,-27,-6,-73,-41,-32,14
ID,Indonesia,Jakarta,,,ID-JK,,ChIJnUvjRenzaS4RILjULejFAAE,7/29/2020,-26,-6,-73,-39,-33,14
ID,Indonesia,Jakarta,,,ID-JK,,ChIJnUvjRenzaS4RILjULejFAAE,7/30/2020,-23,4,-64,-35,-34,11
ID,Indonesia,Jakarta,,,ID-JK,,ChIJnUvjRenzaS4RILjULejFAAE,7/31/2020,-41,-21,-64,-60,-71,23
ID,Indonesia,Jakarta,,,ID-JK,,ChIJnUvjRenzaS4RILjULejFAAE,8/1/2020,-37,-14,-69,-45,-31,10
ID,Indonesia,Jakarta,,,ID-JK,,ChIJnUvjRenzaS4RILjULejFAAE,8/2/2020,-37,-14,-71,-40,-19,7
ID,Indonesia,Jakarta,,,ID-JK,,ChIJnUvjRenzaS4RILjULejFAAE,8/3/2020,-27,-7,-69,-42,-33,13
ID,Indonesia,Jakarta,,,ID-JK,,ChIJnUvjRenzaS4RILjULejFAAE,8/4/2020,-28,-8,-70,-42,-34,14
ID,Indonesia,Jakarta,,,ID-JK,,ChIJnUvjRenzaS4RILjULejFAAE,8/5/2020,-27,-9,-68,-42,-33,14
ID,Indonesia,Jakarta,,,ID-JK,,ChIJnUvjRenzaS4RILjULejFAAE,8/6/2020,-27,-8,-66,-42,-33,14
ID,Indonesia,Jakarta,,,ID-JK,,ChIJnUvjRenzaS4RILjULejFAAE,8/7/2020,-23,-6,-61,-41,-31,14
ID,Indonesia,Jakarta,,,ID-JK,,ChIJnUvjRenzaS4RILjULejFAAE,8/8/2020,-27,-6,-62,-33,-20,9
ID,Indonesia,Jakarta,,,ID-JK,,ChIJnUvjRenzaS4RILjULejFAAE,8/9/2020,-32,-11,-66,-35,-15,8
ID,Indonesia,Jakarta,,,ID-JK,,ChIJnUvjRenzaS4RILjULejFAAE,8/10/2020,-25,-7,-65,-41,-32,14
ID,Indonesia,Jakarta,,,ID-JK,,ChIJnUvjRenzaS4RILjULejFAAE,8/11/2020,-28,-10,-68,-41,-33,14
ID,Indonesia,Jakarta,,,ID-JK,,ChIJnUvjRenzaS4RILjULejFAAE,8/12/2020,-26,-10,-63,-41,-32,14
ID,Indonesia,Jakarta,,,ID-JK,,ChIJnUvjRenzaS4RILjULejFAAE,8/13/2020,-32,-16,-65,-43,-33,15
ID,Indonesia,Jakarta,,,ID-JK,,ChIJnUvjRenzaS4RILjULejFAAE,8/14/2020,-23,-5,-56,-38,-31,14
ID,Indonesia,Jakarta,,,ID-JK,,ChIJnUvjRenzaS4RILjULejFAAE,8/15/2020,-28,-6,-58,-32,-20,8
ID,Indonesia,Jakarta,,,ID-JK,,ChIJnUvjRenzaS4RILjULejFAAE,8/16/2020,-33,-14,-62,-36,-15,8
ID,Indonesia,Jakarta,,,ID-JK,,ChIJnUvjRenzaS4RILjULejFAAE,8/17/2020,-32,-19,-49,-57,-70,21
ID,Indonesia,Jakarta,,,ID-JK,,ChIJnUvjRenzaS4RILjULejFAAE,8/18/2020,-31,-14,-64,-42,-32,13
ID,Indonesia,Jakarta,,,ID-JK,,ChIJnUvjRenzaS4RILjULejFAAE,8/19/2020,-26,-8,-63,-39,-32,12
ID,Indonesia,Jakarta,,,ID-JK,,ChIJnUvjRenzaS4RILjULejFAAE,8/20/2020,-32,-16,-55,-55,-65,20
ID,Indonesia,Jakarta,,,ID-JK,,ChIJnUvjRenzaS4RILjULejFAAE,8/21/2020,-29,-14,-56,-52,-47,18
ID,Indonesia,Jakarta,,,ID-JK,,ChIJnUvjRenzaS4RILjULejFAAE,8/22/2020,-32,-15,-57,-40,-20,9
ID,Indonesia,Jakarta,,,ID-JK,,ChIJnUvjRenzaS4RILjULejFAAE,8/23/2020,-35,-18,-63,-38,-13,9
ID,Indonesia,Jakarta,,,ID-JK,,ChIJnUvjRenzaS4RILjULejFAAE,8/24/2020,-27,-12,-61,-41,-30,14
ID,Indonesia,Jakarta,,,ID-JK,,ChIJnUvjRenzaS4RILjULejFAAE,8/25/2020,-26,-7,-62,-40,-31,14
ID,Indonesia,Jakarta,,,ID-JK,,ChIJnUvjRenzaS4RILjULejFAAE,8/26/2020,-26,-9,-62,-41,-30,14
ID,Indonesia,Jakarta,,,ID-JK,,ChIJnUvjRenzaS4RILjULejFAAE,8/27/2020,-25,-8,-60,-41,-30,13
ID,Indonesia,Jakarta,,,ID-JK,,ChIJnUvjRenzaS4RILjULejFAAE,8/28/2020,-21,-3,-56,-40,-29,14
ID,Indonesia,Jakarta,,,ID-JK,,ChIJnUvjRenzaS4RILjULejFAAE,8/29/2020,-25,-2,-56,-33,-17,8
ID,Indonesia,Jakarta,,,ID-JK,,ChIJnUvjRenzaS4RILjULejFAAE,8/30/2020,-28,-7,-60,-33,-12,8
ID,Indonesia,Jakarta,,,ID-JK,,ChIJnUvjRenzaS4RILjULejFAAE,8/31/2020,-23,-3,-61,-40,-30,13
ID,Indonesia,Jakarta,,,ID-JK,,ChIJnUvjRenzaS4RILjULejFAAE,9/1/2020,-24,-2,-61,-39,-31,13
ID,Indonesia,Jakarta,,,ID-JK,,ChIJnUvjRenzaS4RILjULejFAAE,9/2/2020,-25,-6,-62,-40,-31,13
ID,Indonesia,Jakarta,,,ID-JK,,ChIJnUvjRenzaS4RILjULejFAAE,9/3/2020,-25,-6,-58,-42,-31,13
ID,Indonesia,Jakarta,,,ID-JK,,ChIJnUvjRenzaS4RILjULejFAAE,9/4/2020,-22,-5,-51,-41,-30,14
ID,Indonesia,Jakarta,,,ID-JK,,ChIJnUvjRenzaS4RILjULejFAAE,9/5/2020,-25,-4,-53,-34,-19,8
ID,Indonesia,Jakarta,,,ID-JK,,ChIJnUvjRenzaS4RILjULejFAAE,9/6/2020,-30,-10,-58,-34,-15,8
ID,Indonesia,Jakarta,,,ID-JK,,ChIJnUvjRenzaS4RILjULejFAAE,9/7/2020,-25,-8,-58,-41,-32,14
ID,Indonesia,Jakarta,,,ID-JK,,ChIJnUvjRenzaS4RILjULejFAAE,9/8/2020,-26,-9,-59,-40,-33,14
ID,Indonesia,Jakarta,,,ID-JK,,ChIJnUvjRenzaS4RILjULejFAAE,9/9/2020,-26,-10,-60,-41,-32,13
ID,Indonesia,Jakarta,,,ID-JK,,ChIJnUvjRenzaS4RILjULejFAAE,9/10/2020,-26,-10,-59,-42,-32,13
ID,Indonesia,Jakarta,,,ID-JK,,ChIJnUvjRenzaS4RILjULejFAAE,9/11/2020,-22,-8,-52,-41,-30,14
ID,Indonesia,Jakarta,,,ID-JK,,ChIJnUvjRenzaS4RILjULejFAAE,9/12/2020,-27,-8,-53,-35,-18,9
ID,Indonesia,Jakarta,,,ID-JK,,ChIJnUvjRenzaS4RILjULejFAAE,9/13/2020,-32,-14,-61,-36,-13,9
ID,Indonesia,Jakarta,,,ID-JK,,ChIJnUvjRenzaS4RILjULejFAAE,9/14/2020,-41,-24,-67,-54,-37,19
ID,Indonesia,Jakarta,,,ID-JK,,ChIJnUvjRenzaS4RILjULejFAAE,9/15/2020,-42,-25,-69,-54,-38,19
ID,Indonesia,Jakarta,,,ID-JK,,ChIJnUvjRenzaS4RILjULejFAAE,9/16/2020,-38,-17,-65,-52,-37,18
ID,Indonesia,Jakarta,,,ID-JK,,ChIJnUvjRenzaS4RILjULejFAAE,9/17/2020,-39,-18,-63,-53,-37,18
ID,Indonesia,Jakarta,,,ID-JK,,ChIJnUvjRenzaS4RILjULejFAAE,9/18/2020,-38,-17,-59,-52,-36,19
ID,Indonesia,Jakarta,,,ID-JK,,ChIJnUvjRenzaS4RILjULejFAAE,9/19/2020,-41,-16,-65,-47,-21,13
ID,Indonesia,Jakarta,,,ID-JK,,ChIJnUvjRenzaS4RILjULejFAAE,9/20/2020,-53,-30,-76,-55,-21,15
ID,Indonesia,Jakarta,,,ID-JK,,ChIJnUvjRenzaS4RILjULejFAAE,9/21/2020,-40,-22,-66,-52,-37,18
ID,Indonesia,Jakarta,,,ID-JK,,ChIJnUvjRenzaS4RILjULejFAAE,9/22/2020,-43,-21,-68,-53,-39,19
ID,Indonesia,Jakarta,,,ID-JK,,ChIJnUvjRenzaS4RILjULejFAAE,9/23/2020,-43,-19,-65,-51,-37,19
ID,Indonesia,Jakarta,,,ID-JK,,ChIJnUvjRenzaS4RILjULejFAAE,9/24/2020,-44,-19,-64,-52,-37,18
ID,Indonesia,Jakarta,,,ID-JK,,ChIJnUvjRenzaS4RILjULejFAAE,9/25/2020,-40,-11,-59,-50,-36,19
ID,Indonesia,Jakarta,,,ID-JK,,ChIJnUvjRenzaS4RILjULejFAAE,9/26/2020,-43,-11,-65,-44,-21,13
ID,Indonesia,Jakarta,,,ID-JK,,ChIJnUvjRenzaS4RILjULejFAAE,9/27/2020,-49,-19,-71,-47,-18,13
ID,Indonesia,Jakarta,,,ID-JK,,ChIJnUvjRenzaS4RILjULejFAAE,9/28/2020,-40,-13,-64,-50,-36,18
ID,Indonesia,Jakarta,,,ID-JK,,ChIJnUvjRenzaS4RILjULejFAAE,9/29/2020,-42,-14,-63,-49,-37,18
ID,Indonesia,Jakarta,,,ID-JK,,ChIJnUvjRenzaS4RILjULejFAAE,9/30/2020,-39,-8,-61,-47,-36,16
ID,Indonesia,Jakarta,,,ID-JK,,ChIJnUvjRenzaS4RILjULejFAAE,10/1/2020,-40,-6,-58,-47,-36,15
ID,Indonesia,Jakarta,,,ID-JK,,ChIJnUvjRenzaS4RILjULejFAAE,10/2/2020,-38,-7,-53,-46,-35,16
ID,Indonesia,Jakarta,,,ID-JK,,ChIJnUvjRenzaS4RILjULejFAAE,10/3/2020,-41,-7,-60,-40,-23,11
ID,Indonesia,Jakarta,,,ID-JK,,ChIJnUvjRenzaS4RILjULejFAAE,10/4/2020,-45,-14,-66,-41,-19,10
ID,Indonesia,Jakarta,,,ID-JK,,ChIJnUvjRenzaS4RILjULejFAAE,10/5/2020,-38,-8,-58,-46,-36,14
ID,Indonesia,Jakarta,,,ID-JK,,ChIJnUvjRenzaS4RILjULejFAAE,10/6/2020,-40,-13,-61,-47,-37,15
ID,Indonesia,Jakarta,,,ID-JK,,ChIJnUvjRenzaS4RILjULejFAAE,10/7/2020,-40,-14,-61,-48,-36,15
ID,Indonesia,Jakarta,,,ID-JK,,ChIJnUvjRenzaS4RILjULejFAAE,10/8/2020,-41,-16,-40,-41,-37,17
ID,Indonesia,Jakarta,,,ID-JK,,ChIJnUvjRenzaS4RILjULejFAAE,10/9/2020,-40,-15,-57,-50,-36,19
ID,Indonesia,Jakarta,,,ID-JK,,ChIJnUvjRenzaS4RILjULejFAAE,10/10/2020,-44,-17,-63,-43,-21,12
ID,Indonesia,Jakarta,,,ID-JK,,ChIJnUvjRenzaS4RILjULejFAAE,10/11/2020,-45,-16,-66,-43,-15,11
ID,Indonesia,Jakarta,,,ID-JK,,ChIJnUvjRenzaS4RILjULejFAAE,10/12/2020,-36,-14,-56,-46,-33,16
ID,Indonesia,Jakarta,,,ID-JK,,ChIJnUvjRenzaS4RILjULejFAAE,10/13/2020,-41,-18,-55,-48,-37,18
ID,Indonesia,Jakarta,,,ID-JK,,ChIJnUvjRenzaS4RILjULejFAAE,10/14/2020,-36,-16,-58,-46,-33,16
ID,Indonesia,Jakarta,,,ID-JK,,ChIJnUvjRenzaS4RILjULejFAAE,10/15/2020,-35,-13,-56,-44,-33,16
ID,Indonesia,Jakarta,,,ID-JK,,ChIJnUvjRenzaS4RILjULejFAAE,10/16/2020,-38,-19,-55,-45,-33,18
ID,Indonesia,Jakarta,,,ID-JK,,ChIJnUvjRenzaS4RILjULejFAAE,10/17/2020,-34,-7,-54,-35,-18,10
ID,Indonesia,Jakarta,,,ID-JK,,ChIJnUvjRenzaS4RILjULejFAAE,10/18/2020,-38,-15,-58,-35,-15,10
ID,Indonesia,Jakarta,,,ID-JK,,ChIJnUvjRenzaS4RILjULejFAAE,10/19/2020,-36,-16,-60,-42,-33,16
ID,Indonesia,Jakarta,,,ID-JK,,ChIJnUvjRenzaS4RILjULejFAAE,10/20/2020,-37,-17,-54,-42,-34,16
ID,Indonesia,Jakarta,,,ID-JK,,ChIJnUvjRenzaS4RILjULejFAAE,10/21/2020,-38,-21,-61,-44,-33,16
ID,Indonesia,Jakarta,,,ID-JK,,ChIJnUvjRenzaS4RILjULejFAAE,10/22/2020,-33,-10,-49,-41,-33,14
ID,Indonesia,Jakarta,,,ID-JK,,ChIJnUvjRenzaS4RILjULejFAAE,10/23/2020,-29,-6,-46,-40,-31,14
ID,Indonesia,Jakarta,,,ID-JK,,ChIJnUvjRenzaS4RILjULejFAAE,10/24/2020,-32,-6,-49,-31,-17,9
ID,Indonesia,Jakarta,,,ID-JK,,ChIJnUvjRenzaS4RILjULejFAAE,10/25/2020,-36,-12,-55,-33,-14,8
ID,Indonesia,Jakarta,,,ID-JK,,ChIJnUvjRenzaS4RILjULejFAAE,10/26/2020,-36,-16,-58,-41,-32,14
ID,Indonesia,Jakarta,,,ID-JK,,ChIJnUvjRenzaS4RILjULejFAAE,10/27/2020,-32,-8,-57,-36,-33,13
ID,Indonesia,Jakarta,,,ID-JK,,ChIJnUvjRenzaS4RILjULejFAAE,10/28/2020,-28,-4,-45,-40,-45,13
ID,Indonesia,Jakarta,,,ID-JK,,ChIJnUvjRenzaS4RILjULejFAAE,10/29/2020,-32,-13,-38,-50,-65,17
ID,Indonesia,Jakarta,,,ID-JK,,ChIJnUvjRenzaS4RILjULejFAAE,10/30/2020,-33,-13,-44,-50,-49,17
ID,Indonesia,Jakarta,,,ID-JK,,ChIJnUvjRenzaS4RILjULejFAAE,10/31/2020,-40,-20,-54,-39,-23,9
ID,Indonesia,Jakarta,,,ID-JK,,ChIJnUvjRenzaS4RILjULejFAAE,11/1/2020,-38,-15,-55,-31,-16,6
ID,Indonesia,Jakarta,,,ID-JK,,ChIJnUvjRenzaS4RILjULejFAAE,11/2/2020,-30,-7,-52,-37,-31,12
ID,Indonesia,Jakarta,,,ID-JK,,ChIJnUvjRenzaS4RILjULejFAAE,11/3/2020,-31,-9,-56,-39,-32,13
ID,Indonesia,Jakarta,,,ID-JK,,ChIJnUvjRenzaS4RILjULejFAAE,11/4/2020,-31,-12,-56,-40,-32,13
ID,Indonesia,Jakarta,,,ID-JK,,ChIJnUvjRenzaS4RILjULejFAAE,11/5/2020,-33,-14,-57,-42,-33,14
ID,Indonesia,Jakarta,,,ID-JK,,ChIJnUvjRenzaS4RILjULejFAAE,11/6/2020,-28,-9,-49,-40,-31,14
ID,Indonesia,Jakarta,,,ID-JK,,ChIJnUvjRenzaS4RILjULejFAAE,11/7/2020,-29,-8,-47,-31,-18,8
ID,Indonesia,Jakarta,,,ID-JK,,ChIJnUvjRenzaS4RILjULejFAAE,11/8/2020,-33,-13,-51,-32,-14,7
ID,Indonesia,Jakarta,,,ID-JK,,ChIJnUvjRenzaS4RILjULejFAAE,11/9/2020,-30,-11,-54,-40,-31,13
ID,Indonesia,Jakarta,,,ID-JK,,ChIJnUvjRenzaS4RILjULejFAAE,11/10/2020,-32,-12,-53,-39,-33,13
ID,Indonesia,Jakarta,,,ID-JK,,ChIJnUvjRenzaS4RILjULejFAAE,11/11/2020,-29,-11,-53,-40,-31,13
ID,Indonesia,Jakarta,,,ID-JK,,ChIJnUvjRenzaS4RILjULejFAAE,11/12/2020,-30,-12,-52,-40,-32,13
ID,Indonesia,Jakarta,,,ID-JK,,ChIJnUvjRenzaS4RILjULejFAAE,11/13/2020,-26,-9,-44,-38,-30,13
ID,Indonesia,Jakarta,,,ID-JK,,ChIJnUvjRenzaS4RILjULejFAAE,11/14/2020,-28,-8,-45,-30,-17,7
ID,Indonesia,Jakarta,,,ID-JK,,ChIJnUvjRenzaS4RILjULejFAAE,11/15/2020,-31,-12,-46,-30,-13,7
ID,Indonesia,Jakarta,,,ID-JK,,ChIJnUvjRenzaS4RILjULejFAAE,11/16/2020,-31,-12,-53,-40,-31,13
ID,Indonesia,Jakarta,,,ID-JK,,ChIJnUvjRenzaS4RILjULejFAAE,11/17/2020,-32,-13,-54,-40,-32,13
ID,Indonesia,Jakarta,,,ID-JK,,ChIJnUvjRenzaS4RILjULejFAAE,11/18/2020,-32,-14,-54,-41,-31,13
ID,Indonesia,Jakarta,,,ID-JK,,ChIJnUvjRenzaS4RILjULejFAAE,11/19/2020,-30,-12,-51,-41,-31,13
ID,Indonesia,Jakarta,,,ID-JK,,ChIJnUvjRenzaS4RILjULejFAAE,11/20/2020,-27,-9,-44,-40,-30,14
ID,Indonesia,Jakarta,,,ID-JK,,ChIJnUvjRenzaS4RILjULejFAAE,11/21/2020,-29,-9,-48,-32,-17,8
ID,Indonesia,Jakarta,,,ID-JK,,ChIJnUvjRenzaS4RILjULejFAAE,11/22/2020,-33,-14,-51,-32,-14,8
ID,Indonesia,Jakarta,,,ID-JK,,ChIJnUvjRenzaS4RILjULejFAAE,11/23/2020,-32,-15,-55,-42,-31,13
ID,Indonesia,Jakarta,,,ID-JK,,ChIJnUvjRenzaS4RILjULejFAAE,11/24/2020,-35,-18,-57,-41,-32,14
ID,Indonesia,Jakarta,,,ID-JK,,ChIJnUvjRenzaS4RILjULejFAAE,11/25/2020,-28,-9,-52,-39,-31,12
ID,Indonesia,Jakarta,,,ID-JK,,ChIJnUvjRenzaS4RILjULejFAAE,11/26/2020,-25,-5,-46,-37,-31,11
ID,Indonesia,Jakarta,,,ID-JK,,ChIJnUvjRenzaS4RILjULejFAAE,11/27/2020,-25,-8,-43,-38,-30,13
ID,Indonesia,Jakarta,,,ID-JK,,ChIJnUvjRenzaS4RILjULejFAAE,11/28/2020,-23,1,-41,-27,-17,6
ID,Indonesia,Jakarta,,,ID-JK,,ChIJnUvjRenzaS4RILjULejFAAE,11/29/2020,-29,-9,-49,-29,-13,6
ID,Indonesia,Jakarta,,,ID-JK,,ChIJnUvjRenzaS4RILjULejFAAE,11/30/2020,-24,0,-48,-37,-30,11
ID,Indonesia,Jakarta,,,ID-JK,,ChIJnUvjRenzaS4RILjULejFAAE,12/1/2020,-24,1,-47,-36,-31,11
ID,Indonesia,Jakarta,,,ID-JK,,ChIJnUvjRenzaS4RILjULejFAAE,12/2/2020,-24,-3,-47,-38,-30,12
ID,Indonesia,Jakarta,,,ID-JK,,ChIJnUvjRenzaS4RILjULejFAAE,12/3/2020,-26,-6,-48,-40,-32,12
ID,Indonesia,Jakarta,,,ID-JK,,ChIJnUvjRenzaS4RILjULejFAAE,12/4/2020,-23,-2,-43,-37,-30,12
ID,Indonesia,Jakarta,,,ID-JK,,ChIJnUvjRenzaS4RILjULejFAAE,12/5/2020,-25,-2,-44,-27,-18,6
ID,Indonesia,Jakarta,,,ID-JK,,ChIJnUvjRenzaS4RILjULejFAAE,12/6/2020,-33,-13,-59,-33,-16,8
ID,Indonesia,Jakarta,,,ID-JK,,ChIJnUvjRenzaS4RILjULejFAAE,12/7/2020,-28,-9,-54,-40,-33,12
ID,Indonesia,Jakarta,,,ID-JK,,ChIJnUvjRenzaS4RILjULejFAAE,12/8/2020,-26,-6,-51,-37,-31,11
ID,Indonesia,Jakarta,,,ID-JK,,ChIJnUvjRenzaS4RILjULejFAAE,12/9/2020,-26,-9,-44,-49,-59,19
ID,Indonesia,Jakarta,,,ID-JK,,ChIJnUvjRenzaS4RILjULejFAAE,12/10/2020,-27,-7,-49,-36,-29,12
ID,Indonesia,Jakarta,,,ID-JK,,ChIJnUvjRenzaS4RILjULejFAAE,12/11/2020,-24,-4,-43,-37,-29,13
ID,Indonesia,Jakarta,,,ID-JK,,ChIJnUvjRenzaS4RILjULejFAAE,12/12/2020,-26,-3,-46,-28,-15,8
ID,Indonesia,Jakarta,,,ID-JK,,ChIJnUvjRenzaS4RILjULejFAAE,12/13/2020,-30,-9,-50,-27,-10,8
ID,Indonesia,Jakarta,,,ID-JK,,ChIJnUvjRenzaS4RILjULejFAAE,12/14/2020,-27,-7,-50,-37,-30,13
ID,Indonesia,Jakarta,,,ID-JK,,ChIJnUvjRenzaS4RILjULejFAAE,12/15/2020,-27,-6,-49,-36,-31,13
ID,Indonesia,Jakarta,,,ID-JK,,ChIJnUvjRenzaS4RILjULejFAAE,12/16/2020,-26,-6,-48,-36,-30,12
ID,Indonesia,Jakarta,,,ID-JK,,ChIJnUvjRenzaS4RILjULejFAAE,12/17/2020,-26,-6,-46,-35,-30,12
ID,Indonesia,Jakarta,,,ID-JK,,ChIJnUvjRenzaS4RILjULejFAAE,12/18/2020,-23,-3,-37,-34,-29,13
ID,Indonesia,Jakarta,,,ID-JK,,ChIJnUvjRenzaS4RILjULejFAAE,12/19/2020,-27,-4,-45,-27,-14,8
ID,Indonesia,Jakarta,,,ID-JK,,ChIJnUvjRenzaS4RILjULejFAAE,12/20/2020,-31,-11,-54,-27,-11,8
ID,Indonesia,Jakarta,,,ID-JK,,ChIJnUvjRenzaS4RILjULejFAAE,12/21/2020,-25,-5,-46,-35,-31,12
ID,Indonesia,Jakarta,,,ID-JK,,ChIJnUvjRenzaS4RILjULejFAAE,12/22/2020,-25,-5,-46,-35,-32,12
ID,Indonesia,Jakarta,,,ID-JK,,ChIJnUvjRenzaS4RILjULejFAAE,12/23/2020,-23,-2,-46,-33,-32,11
ID,Indonesia,Jakarta,,,ID-JK,,ChIJnUvjRenzaS4RILjULejFAAE,12/24/2020,-27,-7,-43,-42,-51,15
ID,Indonesia,Jakarta,,,ID-JK,,ChIJnUvjRenzaS4RILjULejFAAE,12/25/2020,-34,-17,-42,-53,-66,22
ID,Indonesia,Jakarta,,,ID-JK,,ChIJnUvjRenzaS4RILjULejFAAE,12/26/2020,-36,-15,-49,-38,-26,10
ID,Indonesia,Jakarta,,,ID-JK,,ChIJnUvjRenzaS4RILjULejFAAE,12/27/2020,-36,-17,-53,-33,-11,8
ID,Indonesia,Jakarta,,,ID-JK,,ChIJnUvjRenzaS4RILjULejFAAE,12/28/2020,-28,-6,-48,-40,-36,13
ID,Indonesia,Jakarta,,,ID-JK,,ChIJnUvjRenzaS4RILjULejFAAE,12/29/2020,-29,-8,-49,-40,-38,14
ID,Indonesia,Jakarta,,,ID-JK,,ChIJnUvjRenzaS4RILjULejFAAE,12/30/2020,-28,-4,-50,-38,-38,13
ID,Indonesia,Jakarta,,,ID-JK,,ChIJnUvjRenzaS4RILjULejFAAE,12/31/2020,-32,-2,-47,-44,-55,15
