tanggal,stasiun,pm25,pm10,so2,co,o3,no2,max,critical,categori
1/1/2019,DKI2 (Kelapa Gading),,14,10,7,71,,71,O3,SEDANG
1/2/2019,DKI2 (Kelapa Gading),,20,12,4,79,,79,O3,SEDANG
1/3/2019,DKI2 (Kelapa Gading),,16,12,4,65,,65,O3,SEDANG
1/4/2019,DKI2 (Kelapa Gading),,33,14,7,64,11,64,O3,SEDANG
1/5/2019,DKI3 (Jagakarsa),,54,11,10,40,3,54,PM10,SEDANG
1/6/2019,DKI2 (Kelapa Gading),,55,19,14,105,10,105,O3,TIDAK SEHAT
1/7/2019,DKI3 (Jagakarsa),,71,11,16,132,8,132,O3,TIDAK SEHAT
1/8/2019,DKI3 (Jagakarsa),,40,10,7,143,3,143,O3,TIDAK SEHAT
1/9/2019,DKI1 (Bunderan HI),,61,15,28,198,8,198,O3,TIDAK SEHAT
1/10/2019,DKI1 (Bunderan HI),,41,13,26,128,8,128,O3,TIDAK SEHAT
1/11/2019,DKI3 (Jagakarsa),,54,12,18,91,4,91,O3,SEDANG
1/12/2019,DKI3 (Jagakarsa),,57,,22,90,9,90,O3,SEDANG
1/13/2019,DKI3 (Jagakarsa),,58,,22,119,8,119,O3,TIDAK SEHAT
1/14/2019,DKI1 (Bunderan HI),,65,12,32,99,9,99,O3,SEDANG
1/15/2019,DKI3 (Jagakarsa),,72,10,18,53,10,72,PM10,SEDANG
1/16/2019,DKI3 (Jagakarsa),,31,7,6,64,5,64,O3,SEDANG
1/17/2019,DKI1 (Bunderan HI),,56,22,23,101,,101,O3,TIDAK SEHAT
1/18/2019,DKI1 (Bunderan HI),,27,12,16,103,,103,O3,TIDAK SEHAT
1/19/2019,DKI1 (Bunderan HI),,42,13,27,127,,127,O3,TIDAK SEHAT
1/20/2019,DKI3 (Jagakarsa),,60,11,25,82,12,82,O3,SEDANG
1/21/2019,DKI3 (Jagakarsa),,52,10,14,94,8,94,O3,SEDANG
1/22/2019,DKI3 (Jagakarsa),,23,9,12,92,8,92,O3,SEDANG
1/23/2019,DKI3 (Jagakarsa),,40,9,24,70,9,70,O3,SEDANG
1/24/2019,DKI3 (Jagakarsa),,36,9,13,81,9,81,O3,SEDANG
1/25/2019,DKI3 (Jagakarsa),,32,8,25,74,9,74,O3,SEDANG
1/26/2019,DKI1 (Bunderan HI),,63,19,33,118,15,118,O3,TIDAK SEHAT
1/27/2019,DKI3 (Jagakarsa),,56,9,39,74,8,74,O3,SEDANG
1/28/2019,DKI3 (Jagakarsa),,53,9,25,77,6,77,O3,SEDANG
1/29/2019,DKI3 (Jagakarsa),,46,9,22,88,6,88,O3,SEDANG
1/30/2019,DKI1 (Bunderan HI),,24,18,22,73,9,73,O3,SEDANG
1/31/2019,DKI3 (Jagakarsa),,56,10,21,54,7,56,PM10,SEDANG
2/1/2019,DKI1 (Bunderan HI),,61,20,47,93,9,93,O3,SEDANG
2/2/2019,DKI3 (Jagakarsa),,57,9,42,79,10,79,O3,SEDANG
2/3/2019,DKI3 (Jagakarsa),,55,10,28,95,8,95,O3,SEDANG
2/4/2019,DKI3 (Jagakarsa),,56,9,20,86,7,86,O3,SEDANG
2/5/2019,DKI3 (Jagakarsa),,57,9,36,80,6,80,O3,SEDANG
2/6/2019,DKI3 (Jagakarsa),,42,9,14,75,6,75,O3,SEDANG
2/7/2019,DKI2 (Kelapa Gading),,70,39,30,47,19,70,PM10,SEDANG
2/8/2019,DKI1 (Bunderan HI),,45,17,23,132,13,132,O3,TIDAK SEHAT
2/9/2019,DKI1 (Bunderan HI),,57,18,20,144,9,144,O3,TIDAK SEHAT
2/10/2019,DKI3 (Jagakarsa),,57,9,15,81,6,81,O3,SEDANG
2/11/2019,DKI3 (Jagakarsa),,34,9,11,71,6,71,O3,SEDANG
2/12/2019,DKI3 (Jagakarsa),,,9,29,94,8,94,O3,SEDANG
2/13/2019,DKI3 (Jagakarsa),,67,9,43,71,13,71,O3,SEDANG
2/14/2019,DKI3 (Jagakarsa),,53,9,35,91,12,91,O3,SEDANG
2/15/2019,DKI3 (Jagakarsa),,54,9,17,89,12,89,O3,SEDANG
2/16/2019,DKI3 (Jagakarsa),,42,9,10,111,6,111,O3,TIDAK SEHAT
2/17/2019,DKI3 (Jagakarsa),,55,9,19,79,8,79,O3,SEDANG
2/18/2019,DKI3 (Jagakarsa),,44,12,14,88,8,88,O3,SEDANG
2/19/2019,DKI5 (Kebon Jeruk),,68,16,25,123,14,123,O3,TIDAK SEHAT
2/20/2019,DKI4 (Lubang Buaya),,63,22,22,70,12,70,O3,SEDANG
2/21/2019,DKI3 (Jagakarsa),,69,9,29,86,13,86,O3,SEDANG
2/22/2019,DKI3 (Jagakarsa),,48,11,18,77,9,77,O3,SEDANG
2/23/2019,DKI5 (Kebon Jeruk),,40,12,16,102,12,102,O3,TIDAK SEHAT
2/24/2019,DKI3 (Jagakarsa),,56,9,25,88,13,88,O3,SEDANG
2/25/2019,DKI3 (Jagakarsa),,59,9,32,115,12,115,O3,TIDAK SEHAT
2/26/2019,DKI3 (Jagakarsa),,50,10,21,88,13,88,O3,SEDANG
2/27/2019,DKI3 (Jagakarsa),,64,11,17,67,10,67,O3,SEDANG
2/28/2019,DKI5 (Kebon Jeruk),,40,10,12,98,7,98,O3,SEDANG
3/1/2019,DKI3 (Jagakarsa),,52,9,18,70,7,70,O3,SEDANG
3/2/2019,DKI3 (Jagakarsa),,45,10,25,62,11,62,O3,SEDANG
3/3/2019,DKI5 (Kebon Jeruk),,32,12,12,82,8,82,O3,SEDANG
3/4/2019,DKI3 (Jagakarsa),,55,11,20,104,13,104,O3,TIDAK SEHAT
3/5/2019,DKI5 (Kebon Jeruk),,27,10,18,83,16,83,O3,SEDANG
3/6/2019,DKI3 (Jagakarsa),,54,9,24,60,18,60,O3,SEDANG
3/7/2019,DKI5 (Kebon Jeruk),,54,13,32,112,13,112,O3,TIDAK SEHAT
3/8/2019,DKI3 (Jagakarsa),,78,11,37,155,14,155,O3,TIDAK SEHAT
3/9/2019,DKI5 (Kebon Jeruk),,58,12,25,215,15,215,O3,SANGAT TIDAK SEHAT
3/10/2019,DKI2 (Kelapa Gading),,60,26,16,164,19,164,O3,TIDAK SEHAT
3/11/2019,DKI2 (Kelapa Gading),,55,23,15,44,18,55,PM10,SEDANG
3/12/2019,DKI3 (Jagakarsa),,40,10,13,51,6,51,O3,SEDANG
3/13/2019,DKI5 (Kebon Jeruk),,32,11,16,122,11,122,O3,TIDAK SEHAT
3/14/2019,DKI5 (Kebon Jeruk),,53,14,29,162,15,162,O3,TIDAK SEHAT
3/15/2019,DKI5 (Kebon Jeruk),,71,23,29,132,11,132,O3,TIDAK SEHAT
3/16/2019,DKI5 (Kebon Jeruk),,57,13,43,128,11,128,O3,TIDAK SEHAT
3/17/2019,DKI5 (Kebon Jeruk),,38,17,10,82,6,82,O3,SEDANG
3/18/2019,DKI3 (Jagakarsa),,52,9,13,65,6,65,O3,SEDANG
3/19/2019,DKI3 (Jagakarsa),,38,9,14,68,5,68,O3,SEDANG
3/20/2019,DKI5 (Kebon Jeruk),,26,16,7,65,3,65,O3,SEDANG
3/21/2019,DKI5 (Kebon Jeruk),,40,13,10,74,4,74,O3,SEDANG
3/22/2019,DKI5 (Kebon Jeruk),,42,19,17,58,5,58,O3,SEDANG
3/23/2019,DKI5 (Kebon Jeruk),,31,18,6,75,3,75,O3,SEDANG
3/24/2019,DKI5 (Kebon Jeruk),,17,14,5,55,2,55,O3,SEDANG
3/25/2019,DKI5 (Kebon Jeruk),,26,12,6,42,3,42,O3,BAIK
3/26/2019,DKI5 (Kebon Jeruk),,61,18,19,89,8,89,O3,SEDANG
3/27/2019,DKI5 (Kebon Jeruk),,39,13,16,192,15,192,O3,TIDAK SEHAT
3/28/2019,DKI5 (Kebon Jeruk),,51,15,24,130,17,130,O3,TIDAK SEHAT
3/29/2019,DKI5 (Kebon Jeruk),,57,19,15,182,10,182,O3,TIDAK SEHAT
3/30/2019,DKI5 (Kebon Jeruk),,51,18,19,190,13,190,O3,TIDAK SEHAT
3/31/2019,DKI5 (Kebon Jeruk),,57,16,18,194,8,194,O3,TIDAK SEHAT
4/1/2019,DKI5 (Kebon Jeruk),,61,14,26,167,15,167,O3,TIDAK SEHAT
4/2/2019,DKI5 (Kebon Jeruk),,57,13,35,101,13,101,O3,TIDAK SEHAT
4/3/2019,DKI5 (Kebon Jeruk),,62,15,42,146,14,146,O3,TIDAK SEHAT
4/4/2019,DKI5 (Kebon Jeruk),,59,14,16,172,10,172,O3,TIDAK SEHAT
4/5/2019,DKI5 (Kebon Jeruk),,51,14,18,83,11,83,O3,SEDANG
4/6/2019,DKI5 (Kebon Jeruk),,74,11,38,195,9,195,O3,TIDAK SEHAT
4/7/2019,DKI5 (Kebon Jeruk),,66,15,35,243,10,243,O3,SANGAT TIDAK SEHAT
4/8/2019,DKI5 (Kebon Jeruk),,53,13,18,235,10,235,O3,SANGAT TIDAK SEHAT
4/9/2019,DKI3 (Jagakarsa),,51,12,17,127,10,127,O3,TIDAK SEHAT
4/10/2019,DKI3 (Jagakarsa),,64,13,27,199,13,199,O3,TIDAK SEHAT
4/11/2019,DKI3 (Jagakarsa),,62,12,15,153,8,153,O3,TIDAK SEHAT
4/12/2019,DKI2 (Kelapa Gading),,43,9,10,78,8,78,O3,SEDANG
4/13/2019,DKI2 (Kelapa Gading),,32,9,7,62,9,62,O3,SEDANG
4/14/2019,DKI3 (Jagakarsa),,38,11,9,112,7,112,O3,TIDAK SEHAT
4/15/2019,DKI3 (Jagakarsa),,54,11,19,122,10,122,O3,TIDAK SEHAT
4/16/2019,DKI5 (Kebon Jeruk),,56,16,26,119,11,119,O3,TIDAK SEHAT
4/17/2019,DKI4 (Lubang Buaya),,60,22,27,80,9,80,O3,SEDANG
4/18/2019,DKI3 (Jagakarsa),,70,10,21,111,7,111,O3,TIDAK SEHAT
4/19/2019,DKI4 (Lubang Buaya),,60,22,13,31,5,60,PM10,SEDANG
4/20/2019,DKI3 (Jagakarsa),,31,10,13,105,6,105,O3,TIDAK SEHAT
4/21/2019,DKI3 (Jagakarsa),,60,10,27,110,8,110,O3,TIDAK SEHAT
4/22/2019,DKI3 (Jagakarsa),,59,10,20,63,9,63,O3,SEDANG
4/23/2019,DKI3 (Jagakarsa),,59,11,12,73,8,73,O3,SEDANG
4/24/2019,DKI3 (Jagakarsa),,52,10,11,72,7,72,O3,SEDANG
4/25/2019,DKI3 (Jagakarsa),,58,9,40,85,11,85,O3,SEDANG
4/26/2019,DKI3 (Jagakarsa),,38,10,11,124,6,124,O3,TIDAK SEHAT
4/27/2019,DKI3 (Jagakarsa),,45,10,25,90,9,90,O3,SEDANG
4/28/2019,DKI5 (Kebon Jeruk),,58,12,46,78,9,78,O3,SEDANG
4/29/2019,DKI3 (Jagakarsa),,49,10,24,130,11,130,O3,TIDAK SEHAT
4/30/2019,DKI3 (Jagakarsa),,49,10,14,111,17,111,O3,TIDAK SEHAT
5/1/2019,DKI5 (Kebon Jeruk),,36,13,20,80,7,80,O3,SEDANG
5/2/2019,DKI3 (Jagakarsa),,48,10,18,23,5,48,PM10,BAIK
5/3/2019,DKI3 (Jagakarsa),,49,12,13,99,12,99,O3,SEDANG
5/4/2019,DKI3 (Jagakarsa),,59,,24,92,15,92,O3,SEDANG
5/5/2019,DKI5 (Kebon Jeruk),,56,14,34,91,11,91,O3,SEDANG
5/6/2019,DKI3 (Jagakarsa),,50,11,14,93,7,93,O3,SEDANG
5/7/2019,DKI3 (Jagakarsa),,69,11,27,89,9,89,O3,SEDANG
5/8/2019,DKI3 (Jagakarsa),,77,,34,132,11,132,O3,TIDAK SEHAT
5/9/2019,DKI3 (Jagakarsa),,65,11,24,149,22,149,O3,TIDAK SEHAT
5/10/2019,DKI2 (Kelapa Gading),,52,11,12,87,11,87,O3,SEDANG
5/11/2019,DKI5 (Kebon Jeruk),,37,15,16,65,10,65,O3,SEDANG
5/12/2019,DKI4 (Lubang Buaya),,69,22,16,76,6,76,O3,SEDANG
5/13/2019,DKI3 (Jagakarsa),,61,10,20,93,8,93,O3,SEDANG
5/14/2019,DKI3 (Jagakarsa),,68,12,17,80,11,80,O3,SEDANG
5/15/2019,DKI3 (Jagakarsa),,67,11,17,90,8,90,O3,SEDANG
5/16/2019,DKI2 (Kelapa Gading),,55,9,9,111,10,111,O3,TIDAK SEHAT
5/17/2019,DKI2 (Kelapa Gading),,63,9,9,100,12,100,O3,SEDANG
5/18/2019,DKI3 (Jagakarsa),,54,13,17,111,21,111,O3,TIDAK SEHAT
5/19/2019,DKI5 (Kebon Jeruk),,74,22,31,114,10,114,O3,TIDAK SEHAT
5/20/2019,DKI3 (Jagakarsa),,67,14,12,85,9,85,O3,SEDANG
5/21/2019,DKI3 (Jagakarsa),,67,12,18,98,9,98,O3,SEDANG
5/22/2019,DKI3 (Jagakarsa),,65,14,15,99,9,99,O3,SEDANG
5/23/2019,DKI5 (Kebon Jeruk),,58,18,19,82,8,82,O3,SEDANG
5/24/2019,DKI2 (Kelapa Gading),,69,13,11,62,11,69,PM10,SEDANG
5/25/2019,DKI3 (Jagakarsa),,64,12,21,104,13,104,O3,TIDAK SEHAT
5/26/2019,DKI5 (Kebon Jeruk),,65,18,22,107,11,107,O3,TIDAK SEHAT
5/27/2019,DKI3 (Jagakarsa),,71,11,20,101,8,101,O3,TIDAK SEHAT
5/28/2019,DKI3 (Jagakarsa),,67,12,13,84,9,84,O3,SEDANG
5/29/2019,DKI3 (Jagakarsa),,56,12,12,86,7,86,O3,SEDANG
5/30/2019,DKI3 (Jagakarsa),,53,11,14,84,6,84,O3,SEDANG
5/31/2019,DKI3 (Jagakarsa),,55,11,13,89,6,89,O3,SEDANG
6/1/2019,DKI2 (Kelapa Gading),,60,9,12,104,7,104,O3,TIDAK SEHAT
6/2/2019,DKI2 (Kelapa Gading),,59,8,17,106,9,106,O3,TIDAK SEHAT
6/3/2019,DKI3 (Jagakarsa),,50,11,12,89,6,89,O3,SEDANG
6/4/2019,DKI3 (Jagakarsa),,75,11,18,82,9,82,O3,SEDANG
6/5/2019,DKI4 (Lubang Buaya),,82,25,26,56,12,82,PM10,SEDANG
6/6/2019,DKI3 (Jagakarsa),,50,11,10,75,7,75,O3,SEDANG
6/7/2019,DKI4 (Lubang Buaya),,45,24,6,54,5,54,O3,SEDANG
6/8/2019,DKI2 (Kelapa Gading),,44,10,8,105,8,105,O3,TIDAK SEHAT
6/9/2019,DKI5 (Kebon Jeruk),,47,14,18,98,8,98,O3,SEDANG
6/10/2019,DKI5 (Kebon Jeruk),,57,16,19,88,8,88,O3,SEDANG
6/11/2019,DKI5 (Kebon Jeruk),,55,15,19,105,9,105,O3,TIDAK SEHAT
6/12/2019,DKI5 (Kebon Jeruk),,68,17,18,108,8,108,O3,TIDAK SEHAT
6/13/2019,DKI4 (Lubang Buaya),,79,24,23,148,12,148,O3,TIDAK SEHAT
6/14/2019,DKI3 (Jagakarsa),,60,11,20,98,14,98,O3,SEDANG
6/15/2019,DKI3 (Jagakarsa),,54,10,20,112,8,112,O3,TIDAK SEHAT
6/16/2019,DKI3 (Jagakarsa),,66,10,24,107,10,107,O3,TIDAK SEHAT
6/17/2019,DKI3 (Jagakarsa),,60,11,21,93,8,93,O3,SEDANG
6/18/2019,DKI3 (Jagakarsa),,59,13,10,74,9,74,O3,SEDANG
6/19/2019,DKI5 (Kebon Jeruk),,60,21,17,92,11,92,O3,SEDANG
6/20/2019,DKI5 (Kebon Jeruk),,78,20,24,99,12,99,O3,SEDANG
6/21/2019,DKI3 (Jagakarsa),,72,12,16,103,10,103,O3,TIDAK SEHAT
6/22/2019,DKI4 (Lubang Buaya),,74,28,18,133,10,133,O3,TIDAK SEHAT
6/23/2019,DKI3 (Jagakarsa),,71,12,17,134,10,134,O3,TIDAK SEHAT
6/24/2019,DKI5 (Kebon Jeruk),,76,24,19,103,12,103,O3,TIDAK SEHAT
6/25/2019,DKI2 (Kelapa Gading),,89,19,12,73,10,89,PM10,SEDANG
6/26/2019,DKI2 (Kelapa Gading),,84,19,10,67,11,84,PM10,SEDANG
6/27/2019,DKI3 (Jagakarsa),,67,13,15,142,11,142,O3,TIDAK SEHAT
6/28/2019,DKI3 (Jagakarsa),,64,13,13,143,17,143,O3,TIDAK SEHAT
6/29/2019,DKI2 (Kelapa Gading),,69,12,11,173,10,173,O3,TIDAK SEHAT
6/30/2019,DKI3 (Jagakarsa),,63,14,16,83,12,83,O3,SEDANG
7/1/2019,DKI4 (Lubang Buaya),,64,26,12,96,12,96,O3,SEDANG
7/2/2019,DKI5 (Kebon Jeruk),,,20,14,108,7,108,O3,TIDAK SEHAT
7/3/2019,DKI5 (Kebon Jeruk),,,26,18,87,8,87,O3,SEDANG
7/4/2019,DKI2 (Kelapa Gading),,69,16,7,78,9,78,O3,SEDANG
7/5/2019,DKI2 (Kelapa Gading),,63,13,12,91,8,91,O3,SEDANG
7/6/2019,DKI3 (Jagakarsa),,55,11,14,82,10,82,O3,SEDANG
7/7/2019,DKI1 (Bunderan HI),,63,23,12,41,7,63,PM10,SEDANG
7/8/2019,DKI3 (Jagakarsa),,55,14,13,84,9,84,O3,SEDANG
7/9/2019,DKI2 (Kelapa Gading),,66,13,9,111,8,111,O3,TIDAK SEHAT
7/10/2019,DKI3 (Jagakarsa),,58,14,14,91,15,91,O3,SEDANG
7/11/2019,DKI4 (Lubang Buaya),,71,28,16,52,12,71,PM10,SEDANG
7/12/2019,DKI3 (Jagakarsa),,58,13,15,77,11,77,O3,SEDANG
7/13/2019,DKI4 (Lubang Buaya),,57,27,11,163,9,163,O3,TIDAK SEHAT
7/14/2019,DKI4 (Lubang Buaya),,80,29,16,160,9,160,O3,TIDAK SEHAT
7/15/2019,DKI3 (Jagakarsa),,67,13,22,77,18,77,O3,SEDANG
7/16/2019,DKI4 (Lubang Buaya),,76,27,16,92,12,92,O3,SEDANG
7/17/2019,DKI5 (Kebon Jeruk),,64,21,16,107,13,107,O3,TIDAK SEHAT
7/18/2019,DKI3 (Jagakarsa),,65,13,13,87,11,87,O3,SEDANG
7/19/2019,DKI2 (Kelapa Gading),,68,14,9,49,7,68,PM10,SEDANG
7/20/2019,DKI5 (Kebon Jeruk),,75,23,16,113,10,113,O3,TIDAK SEHAT
7/21/2019,DKI2 (Kelapa Gading),,66,7,8,91,5,91,O3,SEDANG
7/22/2019,DKI5 (Kebon Jeruk),,67,21,18,121,7,121,O3,TIDAK SEHAT
7/23/2019,DKI2 (Kelapa Gading),,83,10,9,62,10,83,PM10,SEDANG
7/24/2019,DKI3 (Jagakarsa),,64,13,14,92,11,92,O3,SEDANG
7/25/2019,DKI5 (Kebon Jeruk),,75,23,19,124,9,124,O3,TIDAK SEHAT
7/26/2019,DKI3 (Jagakarsa),,64,14,11,96,9,96,O3,SEDANG
7/27/2019,DKI3 (Jagakarsa),,62,12,11,94,7,94,O3,SEDANG
7/28/2019,DKI4 (Lubang Buaya),,90,27,14,115,9,115,O3,TIDAK SEHAT
7/29/2019,DKI3 (Jagakarsa),,74,11,17,129,9,129,O3,TIDAK SEHAT
7/30/2019,DKI2 (Kelapa Gading),,79,10,11,99,10,99,O3,SEDANG
7/31/2019,DKI3 (Jagakarsa),,71,13,23,94,10,94,O3,SEDANG
8/1/2019,DKI5 (Kebon Jeruk),,57,20,13,115,6,115,O3,TIDAK SEHAT
8/2/2019,DKI5 (Kebon Jeruk),,61,20,14,96,7,96,O3,SEDANG
8/3/2019,DKI5 (Kebon Jeruk),,66,22,16,92,8,92,O3,SEDANG
8/4/2019,DKI3 (Jagakarsa),,61,12,18,80,8,80,O3,SEDANG
8/5/2019,DKI4 (Lubang Buaya),,56,28,,117,,117,O3,TIDAK SEHAT
8/6/2019,DKI3 (Jagakarsa),,62,13,14,140,12,140,O3,TIDAK SEHAT
8/7/2019,DKI3 (Jagakarsa),,61,14,17,127,10,127,O3,TIDAK SEHAT
8/8/2019,DKI5 (Kebon Jeruk),,67,22,16,146,9,146,O3,TIDAK SEHAT
8/9/2019,DKI3 (Jagakarsa),,60,12,18,119,18,119,O3,TIDAK SEHAT
8/10/2019,DKI3 (Jagakarsa),,64,13,24,100,18,100,O3,SEDANG
8/11/2019,DKI3 (Jagakarsa),,64,13,21,72,8,72,O3,SEDANG
8/12/2019,DKI3 (Jagakarsa),,62,13,17,73,9,73,O3,SEDANG
8/13/2019,DKI2 (Kelapa Gading),,70,8,7,54,7,70,PM10,SEDANG
8/14/2019,DKI5 (Kebon Jeruk),,55,20,11,69,6,69,O3,SEDANG
8/15/2019,DKI4 (Lubang Buaya),,69,28,9,102,6,102,O3,TIDAK SEHAT
8/16/2019,DKI5 (Kebon Jeruk),,92,20,28,207,14,207,O3,SANGAT TIDAK SEHAT
8/17/2019,DKI5 (Kebon Jeruk),,71,19,15,174,9,174,O3,TIDAK SEHAT
8/18/2019,DKI5 (Kebon Jeruk),,63,19,13,108,6,108,O3,TIDAK SEHAT
8/19/2019,DKI4 (Lubang Buaya),,,29,14,185,7,185,O3,TIDAK SEHAT
8/20/2019,DKI5 (Kebon Jeruk),,65,23,12,171,7,171,O3,TIDAK SEHAT
8/21/2019,DKI3 (Jagakarsa),,64,13,20,76,11,76,O3,SEDANG
8/22/2019,DKI5 (Kebon Jeruk),,56,21,12,88,8,88,O3,SEDANG
8/23/2019,DKI5 (Kebon Jeruk),,69,19,15,201,9,201,O3,SANGAT TIDAK SEHAT
8/24/2019,DKI5 (Kebon Jeruk),,64,21,12,171,7,171,O3,TIDAK SEHAT
8/25/2019,DKI5 (Kebon Jeruk),,66,21,11,128,6,128,O3,TIDAK SEHAT
8/26/2019,DKI5 (Kebon Jeruk),,66,20,11,184,6,184,O3,TIDAK SEHAT
8/27/2019,DKI5 (Kebon Jeruk),,66,35,12,149,9,149,O3,TIDAK SEHAT
8/28/2019,DKI5 (Kebon Jeruk),,61,25,10,108,9,108,O3,TIDAK SEHAT
8/29/2019,DKI5 (Kebon Jeruk),,64,18,18,132,10,132,O3,TIDAK SEHAT
8/30/2019,DKI5 (Kebon Jeruk),,67,20,13,96,8,96,O3,SEDANG
8/31/2019,DKI3 (Jagakarsa),,67,13,30,78,15,78,O3,SEDANG
9/1/2019,DKI5 (Kebon Jeruk),,67,22,14,109,8,109,O3,TIDAK SEHAT
9/2/2019,DKI5 (Kebon Jeruk),,71,20,14,187,9,187,O3,TIDAK SEHAT
9/3/2019,DKI3 (Jagakarsa),,61,13,18,141,11,141,O3,TIDAK SEHAT
9/4/2019,DKI5 (Kebon Jeruk),,63,27,10,144,9,144,O3,TIDAK SEHAT
9/5/2019,DKI5 (Kebon Jeruk),,75,22,16,113,3,113,O3,TIDAK SEHAT
9/6/2019,DKI3 (Jagakarsa),,60,12,20,127,9,127,O3,TIDAK SEHAT
9/7/2019,DKI5 (Kebon Jeruk),,65,23,13,127,3,127,O3,TIDAK SEHAT
9/8/2019,DKI5 (Kebon Jeruk),,65,22,13,126,3,126,O3,TIDAK SEHAT
9/9/2019,DKI3 (Jagakarsa),,64,12,20,106,11,106,O3,TIDAK SEHAT
9/10/2019,DKI5 (Kebon Jeruk),,56,23,10,91,3,91,O3,SEDANG
9/11/2019,DKI5 (Kebon Jeruk),,68,25,17,160,4,160,O3,TIDAK SEHAT
9/12/2019,DKI5 (Kebon Jeruk),,78,22,19,143,3,143,O3,TIDAK SEHAT
9/13/2019,DKI5 (Kebon Jeruk),,69,22,15,156,3,156,O3,TIDAK SEHAT
9/14/2019,DKI5 (Kebon Jeruk),,63,24,14,156,2,156,O3,TIDAK SEHAT
9/15/2019,DKI5 (Kebon Jeruk),,68,23,12,99,2,99,O3,SEDANG
9/16/2019,DKI5 (Kebon Jeruk),,60,21,10,74,2,74,O3,SEDANG
9/17/2019,DKI5 (Kebon Jeruk),,57,25,10,77,3,77,O3,SEDANG
9/18/2019,DKI3 (Jagakarsa),,58,13,22,132,8,132,O3,TIDAK SEHAT
9/19/2019,DKI5 (Kebon Jeruk),,70,21,15,107,4,107,O3,TIDAK SEHAT
9/20/2019,DKI5 (Kebon Jeruk),,59,22,10,91,3,91,O3,SEDANG
9/21/2019,DKI5 (Kebon Jeruk),,59,22,10,169,3,169,O3,TIDAK SEHAT
9/22/2019,DKI5 (Kebon Jeruk),,65,23,11,153,3,153,O3,TIDAK SEHAT
9/23/2019,DKI5 (Kebon Jeruk),,61,25,12,87,4,87,O3,SEDANG
9/24/2019,DKI5 (Kebon Jeruk),,61,26,10,112,9,112,O3,TIDAK SEHAT
9/25/2019,DKI5 (Kebon Jeruk),,68,26,12,174,6,174,O3,TIDAK SEHAT
9/26/2019,DKI5 (Kebon Jeruk),,65,23,10,110,9,110,O3,TIDAK SEHAT
9/27/2019,DKI5 (Kebon Jeruk),,72,22,12,131,8,131,O3,TIDAK SEHAT
9/28/2019,DKI5 (Kebon Jeruk),,58,24,9,102,7,102,O3,TIDAK SEHAT
9/29/2019,DKI5 (Kebon Jeruk),,65,22,12,115,8,115,O3,TIDAK SEHAT
9/30/2019,DKI5 (Kebon Jeruk),,60,20,12,146,7,146,O3,TIDAK SEHAT
10/1/2019,DKI5 (Kebon Jeruk),,74,24,18,184,11,184,O3,TIDAK SEHAT
10/2/2019,DKI5 (Kebon Jeruk),,69,25,10,153,8,153,O3,TIDAK SEHAT
10/3/2019,DKI5 (Kebon Jeruk),,78,22,10,138,8,138,O3,TIDAK SEHAT
10/4/2019,DKI5 (Kebon Jeruk),,76,21,10,169,8,169,O3,TIDAK SEHAT
10/5/2019,DKI5 (Kebon Jeruk),,62,25,10,89,8,89,O3,SEDANG
10/6/2019,DKI5 (Kebon Jeruk),,62,21,10,164,8,164,O3,TIDAK SEHAT
10/7/2019,DKI5 (Kebon Jeruk),,67,22,10,100,8,100,O3,SEDANG
10/8/2019,DKI5 (Kebon Jeruk),,70,24,13,138,8,138,O3,TIDAK SEHAT
10/9/2019,DKI3 (Jagakarsa),,50,11,16,130,9,130,O3,TIDAK SEHAT
10/10/2019,DKI5 (Kebon Jeruk),,73,19,,173,9,173,O3,TIDAK SEHAT
10/11/2019,DKI5 (Kebon Jeruk),,71,21,8,207,9,207,O3,SANGAT TIDAK SEHAT
10/12/2019,DKI5 (Kebon Jeruk),,77,21,12,177,11,177,O3,TIDAK SEHAT
10/13/2019,DKI5 (Kebon Jeruk),,70,22,7,173,7,173,O3,TIDAK SEHAT
10/14/2019,DKI5 (Kebon Jeruk),,77,21,12,156,9,156,O3,TIDAK SEHAT
10/15/2019,DKI5 (Kebon Jeruk),,59,19,5,178,5,178,O3,TIDAK SEHAT
10/16/2019,DKI5 (Kebon Jeruk),,68,20,10,144,8,144,O3,TIDAK SEHAT
10/17/2019,DKI5 (Kebon Jeruk),,60,19,6,156,7,156,O3,TIDAK SEHAT
10/18/2019,DKI3 (Jagakarsa),,51,11,14,104,14,104,O3,TIDAK SEHAT
10/19/2019,DKI3 (Jagakarsa),,58,13,19,78,9,78,O3,SEDANG
10/20/2019,DKI5 (Kebon Jeruk),,66,20,9,147,7,147,O3,TIDAK SEHAT
10/21/2019,DKI5 (Kebon Jeruk),,65,23,12,87,8,87,O3,SEDANG
10/22/2019,DKI5 (Kebon Jeruk),,70,24,13,135,8,135,O3,TIDAK SEHAT
10/23/2019,DKI5 (Kebon Jeruk),,69,22,11,140,9,140,O3,TIDAK SEHAT
10/24/2019,DKI3 (Jagakarsa),,61,14,18,129,8,129,O3,TIDAK SEHAT
10/25/2019,DKI4 (Lubang Buaya),,65,33,11,172,7,172,O3,TIDAK SEHAT
10/26/2019,DKI5 (Kebon Jeruk),,67,22,3,180,9,180,O3,TIDAK SEHAT
10/27/2019,DKI5 (Kebon Jeruk),,75,21,10,153,8,153,O3,TIDAK SEHAT
10/28/2019,DKI3 (Jagakarsa),,52,12,21,121,9,121,O3,TIDAK SEHAT
10/29/2019,DKI3 (Jagakarsa),,55,13,23,97,12,97,O3,SEDANG
10/30/2019,DKI5 (Kebon Jeruk),,66,21,8,171,7,171,O3,TIDAK SEHAT
10/31/2019,DKI3 (Jagakarsa),,46,15,17,120,11,120,O3,TIDAK SEHAT
11/1/2019,DKI2 (Kelapa Gading),,55,8,9,120,8,120,O3,TIDAK SEHAT
11/2/2019,DKI2 (Kelapa Gading),,59,7,17,87,9,87,O3,SEDANG
11/3/2019,DKI5 (Kebon Jeruk),,51,20,7,92,7,92,O3,SEDANG
11/4/2019,DKI2 (Kelapa Gading),,57,10,16,137,9,137,O3,TIDAK SEHAT
11/5/2019,DKI5 (Kebon Jeruk),,58,20,11,193,12,193,O3,TIDAK SEHAT
11/6/2019,DKI5 (Kebon Jeruk),,61,20,14,156,13,156,O3,TIDAK SEHAT
11/7/2019,DKI5 (Kebon Jeruk),,58,24,8,209,11,209,O3,SANGAT TIDAK SEHAT
11/8/2019,DKI4 (Lubang Buaya),,72,35,17,150,11,150,O3,TIDAK SEHAT
11/9/2019,DKI5 (Kebon Jeruk),,60,25,10,220,12,220,O3,SANGAT TIDAK SEHAT
11/10/2019,DKI5 (Kebon Jeruk),,63,32,11,183,7,183,O3,TIDAK SEHAT
11/11/2019,DKI4 (Lubang Buaya),,65,36,10,162,7,162,O3,TIDAK SEHAT
11/12/2019,DKI5 (Kebon Jeruk),,64,22,7,134,9,134,O3,TIDAK SEHAT
11/13/2019,DKI5 (Kebon Jeruk),,73,22,,125,10,125,O3,TIDAK SEHAT
11/14/2019,DKI2 (Kelapa Gading),,76,9,22,49,12,76,PM10,SEDANG
11/15/2019,DKI4 (Lubang Buaya),,65,37,19,94,6,94,O3,SEDANG
11/16/2019,DKI3 (Jagakarsa),,38,12,,81,6,81,O3,SEDANG
11/17/2019,DKI5 (Kebon Jeruk),,59,21,20,126,8,126,O3,TIDAK SEHAT
11/18/2019,DKI5 (Kebon Jeruk),,60,20,17,165,7,165,O3,TIDAK SEHAT
11/19/2019,DKI5 (Kebon Jeruk),,59,20,21,100,6,100,O3,SEDANG
11/20/2019,DKI3 (Jagakarsa),,41,11,18,134,12,134,O3,TIDAK SEHAT
11/21/2019,DKI2 (Kelapa Gading),,72,12,14,103,10,103,O3,TIDAK SEHAT
11/22/2019,DKI2 (Kelapa Gading),,60,7,21,112,11,112,O3,TIDAK SEHAT
11/23/2019,DKI5 (Kebon Jeruk),,85,22,34,146,16,146,O3,TIDAK SEHAT
11/24/2019,DKI5 (Kebon Jeruk),,68,21,25,167,8,167,O3,TIDAK SEHAT
11/25/2019,DKI5 (Kebon Jeruk),,64,20,21,160,7,160,O3,TIDAK SEHAT
11/26/2019,DKI5 (Kebon Jeruk),,77,22,30,125,11,125,O3,TIDAK SEHAT
11/27/2019,DKI5 (Kebon Jeruk),,70,20,29,101,10,101,O3,TIDAK SEHAT
11/28/2019,DKI3 (Jagakarsa),,48,9,28,106,9,106,O3,TIDAK SEHAT
11/29/2019,DKI4 (Lubang Buaya),,53,35,14,124,7,124,O3,TIDAK SEHAT
11/30/2019,DKI4 (Lubang Buaya),,,34,16,111,8,111,O3,TIDAK SEHAT
12/1/2019,DKI4 (Lubang Buaya),,,34,26,117,7,117,O3,TIDAK SEHAT
12/2/2019,DKI5 (Kebon Jeruk),,47,13,18,136,4,136,O3,TIDAK SEHAT
12/3/2019,DKI5 (Kebon Jeruk),,63,20,21,107,7,107,O3,TIDAK SEHAT
12/4/2019,DKI4 (Lubang Buaya),,60,36,12,125,7,125,O3,TIDAK SEHAT
12/5/2019,DKI4 (Lubang Buaya),,38,34,12,143,6,143,O3,TIDAK SEHAT
12/6/2019,DKI4 (Lubang Buaya),,61,35,14,159,7,159,O3,TIDAK SEHAT
12/7/2019,DKI4 (Lubang Buaya),,45,35,9,86,5,86,O3,SEDANG
12/8/2019,DKI4 (Lubang Buaya),,,35,22,120,6,120,O3,TIDAK SEHAT
12/9/2019,DKI5 (Kebon Jeruk),,64,16,30,155,10,155,O3,TIDAK SEHAT
12/10/2019,DKI4 (Lubang Buaya),,,35,14,91,7,91,O3,SEDANG
12/11/2019,DKI5 (Kebon Jeruk),,74,17,31,184,11,184,O3,TIDAK SEHAT
12/12/2019,DKI3 (Jagakarsa),,52,11,,87,13,87,O3,SEDANG
12/13/2019,DKI4 (Lubang Buaya),,,37,14,120,8,120,O3,TIDAK SEHAT
12/14/2019,DKI3 (Jagakarsa),,42,11,23,94,6,94,O3,SEDANG
12/15/2019,DKI5 (Kebon Jeruk),,52,20,18,99,5,99,O3,SEDANG
12/16/2019,DKI5 (Kebon Jeruk),,64,23,22,88,9,88,O3,SEDANG
12/17/2019,DKI5 (Kebon Jeruk),,55,21,20,75,9,75,O3,SEDANG
12/18/2019,DKI5 (Kebon Jeruk),,45,15,25,140,9,140,O3,TIDAK SEHAT
12/19/2019,DKI4 (Lubang Buaya),,64,37,16,96,9,96,O3,SEDANG
12/20/2019,DKI3 (Jagakarsa),,54,9,30,99,8,99,O3,SEDANG
12/21/2019,DKI4 (Lubang Buaya),,68,37,24,109,9,109,O3,TIDAK SEHAT
12/22/2019,DKI5 (Kebon Jeruk),,50,15,21,94,7,94,O3,SEDANG
12/23/2019,DKI5 (Kebon Jeruk),,58,15,30,99,7,99,O3,SEDANG
12/24/2019,DKI5 (Kebon Jeruk),,57,18,34,105,9,105,O3,TIDAK SEHAT
12/25/2019,DKI5 (Kebon Jeruk),,53,14,21,73,8,73,O3,SEDANG
12/26/2019,DKI5 (Kebon Jeruk),,51,19,22,91,6,91,O3,SEDANG
12/27/2019,DKI4 (Lubang Buaya),,55,38,17,84,7,84,O3,SEDANG
12/28/2019,DKI2 (Kelapa Gading),,64,10,25,40,11,64,PM10,SEDANG
12/29/2019,DKI5 (Kebon Jeruk),,56,17,27,69,7,69,O3,SEDANG
12/30/2019,DKI2 (Kelapa Gading),,66,8,28,89,8,89,O3,SEDANG
12/31/2019,DKI3 (Jagakarsa),,52,11,23,55,4,55,O3,SEDANG
1/1/2020,DKI5 (Kebon Jeruk),,35,13,18,46,,46,O3,BAIK
1/2/2020,DKI5 (Kebon Jeruk),,22,15,24,102,7,102,O3,TIDAK SEHAT
1/3/2020,DKI5 (Kebon Jeruk),,44,17,21,63,7,63,O3,SEDANG
1/4/2020,DKI5 (Kebon Jeruk),,40,18,19,85,9,85,O3,SEDANG
1/5/2020,DKI5 (Kebon Jeruk),,37,21,18,62,5,62,O3,SEDANG
1/6/2020,DKI5 (Kebon Jeruk),,58,18,28,64,9,64,O3,SEDANG
1/7/2020,DKI5 (Kebon Jeruk),,36,18,39,66,9,66,O3,SEDANG
1/8/2020,DKI5 (Kebon Jeruk),,49,21,22,70,10,70,O3,SEDANG
1/9/2020,DKI4 (Lubang Buaya),,82,38,31,30,6,82,PM10,SEDANG
1/10/2020,DKI5 (Kebon Jeruk),,25,17,17,47,7,47,O3,BAIK
1/11/2020,DKI5 (Kebon Jeruk),,36,17,22,80,9,80,O3,SEDANG
1/12/2020,DKI5 (Kebon Jeruk),,24,18,13,46,3,46,O3,BAIK
1/13/2020,DKI4 (Lubang Buaya),,33,38,11,51,3,51,O3,SEDANG
1/14/2020,DKI4 (Lubang Buaya),,32,32,11,48,6,48,O3,BAIK
1/15/2020,DKI3 (Jagakarsa),,44,11,16,63,6,63,O3,SEDANG
1/16/2020,DKI3 (Jagakarsa),,67,11,41,78,12,78,O3,SEDANG
1/17/2020,DKI4 (Lubang Buaya),,71,29,36,125,6,125,O3,TIDAK SEHAT
1/18/2020,DKI4 (Lubang Buaya),,59,30,15,75,6,75,O3,SEDANG
1/19/2020,DKI3 (Jagakarsa),,76,14,62,110,10,110,O3,TIDAK SEHAT
1/20/2020,DKI3 (Jagakarsa),,50,12,20,65,6,65,O3,SEDANG
1/21/2020,DKI3 (Jagakarsa),,62,12,41,50,15,62,PM10,SEDANG
1/22/2020,DKI4 (Lubang Buaya),,82,31,25,53,5,82,PM10,SEDANG
1/23/2020,DKI4 (Lubang Buaya),,60,32,20,44,7,60,PM10,SEDANG
1/24/2020,DKI4 (Lubang Buaya),,71,30,22,29,5,71,PM10,SEDANG
1/25/2020,DKI5 (Kebon Jeruk),,36,14,27,80,6,80,O3,SEDANG
1/26/2020,DKI5 (Kebon Jeruk),,57,16,42,89,7,89,O3,SEDANG
1/27/2020,DKI2 (Kelapa Gading),,48,11,10,83,7,83,O3,SEDANG
1/28/2020,DKI3 (Jagakarsa),,62,13,39,74,9,74,O3,SEDANG
1/29/2020,DKI4 (Lubang Buaya),,63,30,27,92,5,92,O3,SEDANG
1/30/2020,DKI4 (Lubang Buaya),,33,30,14,80,5,80,O3,SEDANG
1/31/2020,DKI4 (Lubang Buaya),,56,30,18,37,5,56,PM10,SEDANG
2/1/2020,DKI5 (Kebon Jeruk),,37,14,28,73,6,73,O3,SEDANG
2/2/2020,DKI5 (Kebon Jeruk),,33,16,27,64,7,64,O3,SEDANG
2/3/2020,DKI4 (Lubang Buaya),,59,30,40,35,3,59,PM10,SEDANG
2/4/2020,DKI3 (Jagakarsa),,40,15,53,38,,53,CO,SEDANG
2/5/2020,DKI3 (Jagakarsa),,67,14,57,49,12,67,PM10,SEDANG
2/6/2020,DKI2 (Kelapa Gading),,63,9,19,42,8,63,PM10,SEDANG
2/7/2020,DKI5 (Kebon Jeruk),,55,28,22,46,6,55,PM10,SEDANG
2/8/2020,DKI4 (Lubang Buaya),,74,30,11,66,3,74,PM10,SEDANG
2/9/2020,DKI5 (Kebon Jeruk),,48,15,24,50,6,50,O3,BAIK
2/10/2020,DKI2 (Kelapa Gading),,43,7,20,91,13,91,O3,SEDANG
2/11/2020,DKI4 (Lubang Buaya),,69,32,24,98,7,98,O3,SEDANG
2/12/2020,DKI3 (Jagakarsa),,48,16,19,126,6,126,O3,TIDAK SEHAT
2/13/2020,DKI5 (Kebon Jeruk),,44,17,19,83,8,83,O3,SEDANG
2/14/2020,DKI4 (Lubang Buaya),,81,33,19,,4,81,PM10,SEDANG
2/15/2020,DKI4 (Lubang Buaya),,74,26,47,191,7,191,O3,TIDAK SEHAT
2/16/2020,DKI4 (Lubang Buaya),,67,23,27,118,4,118,O3,TIDAK SEHAT
2/17/2020,DKI4 (Lubang Buaya),,43,21,22,170,4,170,O3,TIDAK SEHAT
2/18/2020,DKI5 (Kebon Jeruk),,50,30,55,182,7,182,O3,TIDAK SEHAT
2/19/2020,DKI5 (Kebon Jeruk),,48,20,21,62,6,62,O3,SEDANG
2/20/2020,DKI5 (Kebon Jeruk),,21,15,14,73,5,73,O3,SEDANG
2/21/2020,DKI4 (Lubang Buaya),,34,20,22,80,4,80,O3,SEDANG
2/22/2020,DKI4 (Lubang Buaya),,58,19,34,85,4,85,O3,SEDANG
2/23/2020,DKI5 (Kebon Jeruk),,21,15,12,88,3,88,O3,SEDANG
2/24/2020,DKI5 (Kebon Jeruk),,18,15,11,89,2,89,O3,SEDANG
2/25/2020,DKI4 (Lubang Buaya),,40,19,15,92,4,92,O3,SEDANG
2/26/2020,DKI4 (Lubang Buaya),,52,19,21,89,5,89,O3,SEDANG
2/27/2020,DKI4 (Lubang Buaya),,54,18,20,84,2,84,O3,SEDANG
2/28/2020,DKI5 (Kebon Jeruk),,18,,17,121,11,121,O3,TIDAK SEHAT
2/29/2020,DKI5 (Kebon Jeruk),,40,,39,144,13,144,O3,TIDAK SEHAT
3/1/2020,DKI5 (Kebon Jeruk),,22,,35,213,11,213,O3,SANGAT TIDAK SEHAT
3/2/2020,DKI5 (Kebon Jeruk),,22,,,201,15,201,O3,SANGAT TIDAK SEHAT
3/3/2020,DKI5 (Kebon Jeruk),,54,,39,152,13,152,O3,TIDAK SEHAT
3/4/2020,DKI5 (Kebon Jeruk),,59,,32,206,5,206,O3,SANGAT TIDAK SEHAT
3/5/2020,DKI5 (Kebon Jeruk),,24,17,52,95,3,95,O3,SEDANG
3/6/2020,DKI4 (Lubang Buaya),,44,24,10,100,14,100,O3,SEDANG
3/7/2020,DKI4 (Lubang Buaya),,50,23,,74,12,74,O3,SEDANG
3/8/2020,DKI4 (Lubang Buaya),,53,23,18,86,16,86,O3,SEDANG
3/9/2020,DKI4 (Lubang Buaya),,50,23,,72,11,72,O3,SEDANG
3/10/2020,DKI4 (Lubang Buaya),,43,22,6,55,7,55,O3,SEDANG
3/11/2020,DKI4 (Lubang Buaya),,43,23,,108,15,108,O3,TIDAK SEHAT
3/12/2020,DKI5 (Kebon Jeruk),,44,19,58,72,10,72,O3,SEDANG
3/13/2020,DKI4 (Lubang Buaya),,53,22,,110,73,110,O3,TIDAK SEHAT
3/14/2020,DKI4 (Lubang Buaya),,89,25,28,197,13,197,O3,TIDAK SEHAT
3/15/2020,DKI4 (Lubang Buaya),,69,22,21,131,10,131,O3,TIDAK SEHAT
3/16/2020,DKI4 (Lubang Buaya),,59,23,18,133,10,133,O3,TIDAK SEHAT
3/17/2020,DKI4 (Lubang Buaya),,101,23,16,129,10,129,O3,TIDAK SEHAT
3/18/2020,DKI4 (Lubang Buaya),,57,23,13,108,10,108,O3,TIDAK SEHAT
3/19/2020,DKI5 (Kebon Jeruk),,69,,33,99,7,99,O3,SEDANG
3/20/2020,DKI2 (Kelapa Gading),,45,10,15,109,7,109,O3,TIDAK SEHAT
3/21/2020,DKI5 (Kebon Jeruk),,42,,15,84,6,84,O3,SEDANG
3/22/2020,DKI5 (Kebon Jeruk),,27,,5,71,7,71,O3,SEDANG
3/23/2020,DKI5 (Kebon Jeruk),,52,,14,105,7,105,O3,TIDAK SEHAT
3/24/2020,DKI5 (Kebon Jeruk),,70,,25,93,11,93,O3,SEDANG
3/25/2020,DKI5 (Kebon Jeruk),,34,,6,99,5,99,O3,SEDANG
3/26/2020,DKI3 (Jagakarsa),,44,17,22,68,8,68,O3,SEDANG
3/27/2020,DKI5 (Kebon Jeruk),,40,,6,117,5,117,O3,TIDAK SEHAT
3/28/2020,DKI2 (Kelapa Gading),,63,17,16,124,5,124,O3,TIDAK SEHAT
3/29/2020,DKI5 (Kebon Jeruk),,65,14,11,91,7,91,O3,SEDANG
3/30/2020,DKI2 (Kelapa Gading),,59,12,13,106,4,106,O3,TIDAK SEHAT
3/31/2020,DKI5 (Kebon Jeruk),,47,11,14,96,6,96,O3,SEDANG
4/1/2020,DKI5 (Kebon Jeruk),,38,7,17,129,5,129,O3,TIDAK SEHAT
4/2/2020,DKI2 (Kelapa Gading),,34,9,5,57,2,57,O3,SEDANG
4/3/2020,DKI2 (Kelapa Gading),,32,10,7,62,2,62,O3,SEDANG
4/4/2020,DKI2 (Kelapa Gading),,48,13,11,83,3,83,O3,SEDANG
4/5/2020,DKI5 (Kebon Jeruk),,49,,8,103,6,103,O3,TIDAK SEHAT
4/6/2020,DKI5 (Kebon Jeruk),,50,,10,73,5,73,O3,SEDANG
4/7/2020,DKI5 (Kebon Jeruk),,25,,11,56,7,56,O3,SEDANG
4/8/2020,DKI5 (Kebon Jeruk),,20,,5,69,3,69,O3,SEDANG
4/9/2020,DKI5 (Kebon Jeruk),,51,,12,73,6,73,O3,SEDANG
4/10/2020,DKI5 (Kebon Jeruk),,60,,15,132,8,132,O3,TIDAK SEHAT
4/11/2020,DKI5 (Kebon Jeruk),,41,,8,135,4,135,O3,TIDAK SEHAT
4/12/2020,DKI5 (Kebon Jeruk),,68,,19,136,9,136,O3,TIDAK SEHAT
4/13/2020,DKI5 (Kebon Jeruk),,36,,7,86,5,86,O3,SEDANG
4/14/2020,DKI5 (Kebon Jeruk),,40,,11,109,8,109,O3,TIDAK SEHAT
4/15/2020,DKI5 (Kebon Jeruk),,42,,8,109,5,109,O3,TIDAK SEHAT
4/16/2020,DKI5 (Kebon Jeruk),,42,,10,87,6,87,O3,SEDANG
4/17/2020,DKI3 (Jagakarsa),,51,17,19,92,5,92,O3,SEDANG
4/18/2020,DKI5 (Kebon Jeruk),,53,11,12,100,10,100,O3,SEDANG
4/19/2020,DKI5 (Kebon Jeruk),,62,10,15,147,14,147,O3,TIDAK SEHAT
4/20/2020,DKI5 (Kebon Jeruk),,51,5,7,116,,116,O3,TIDAK SEHAT
4/21/2020,DKI4 (Lubang Buaya),,69,28,14,57,7,69,PM10,SEDANG
4/22/2020,DKI4 (Lubang Buaya),,111,31,25,58,10,111,PM10,TIDAK SEHAT
4/23/2020,DKI5 (Kebon Jeruk),,43,5,11,88,9,88,O3,SEDANG
4/24/2020,DKI4 (Lubang Buaya),,71,27,,42,,71,PM10,SEDANG
4/25/2020,DKI5 (Kebon Jeruk),,49,7,15,77,8,77,O3,SEDANG
4/26/2020,DKI5 (Kebon Jeruk),,61,8,16,101,10,101,O3,TIDAK SEHAT
4/27/2020,DKI5 (Kebon Jeruk),,34,6,6,131,8,131,O3,TIDAK SEHAT
4/28/2020,DKI5 (Kebon Jeruk),,46,6,14,82,9,82,O3,SEDANG
4/29/2020,DKI5 (Kebon Jeruk),,51,8,16,85,10,85,O3,SEDANG
4/30/2020,DKI4 (Lubang Buaya),,80,22,26,44,9,80,PM10,SEDANG
5/1/2020,DKI5 (Kebon Jeruk),,52,6,17,83,9,83,O3,SEDANG
5/2/2020,DKI5 (Kebon Jeruk),,33,6,8,80,6,80,O3,SEDANG
5/3/2020,DKI5 (Kebon Jeruk),,65,9,32,48,11,65,PM10,SEDANG
5/4/2020,DKI5 (Kebon Jeruk),,36,8,7,75,7,75,O3,SEDANG
5/5/2020,DKI5 (Kebon Jeruk),,38,9,7,73,9,73,O3,SEDANG
5/6/2020,DKI5 (Kebon Jeruk),,41,7,8,63,7,63,O3,SEDANG
5/7/2020,DKI5 (Kebon Jeruk),,41,7,14,69,8,69,O3,SEDANG
5/8/2020,DKI5 (Kebon Jeruk),,63,8,14,120,9,120,O3,TIDAK SEHAT
5/9/2020,DKI4 (Lubang Buaya),,77,22,22,36,8,77,PM10,SEDANG
5/10/2020,DKI5 (Kebon Jeruk),,58,9,18,81,15,81,O3,SEDANG
5/11/2020,DKI5 (Kebon Jeruk),,41,7,11,83,7,83,O3,SEDANG
5/12/2020,DKI5 (Kebon Jeruk),,44,7,10,81,6,81,O3,SEDANG
5/13/2020,DKI5 (Kebon Jeruk),,37,7,8,79,7,79,O3,SEDANG
5/14/2020,DKI3 (Jagakarsa),,57,17,17,64,6,64,O3,SEDANG
5/15/2020,DKI2 (Kelapa Gading),,66,20,9,57,9,66,PM10,SEDANG
5/16/2020,DKI5 (Kebon Jeruk),,55,11,10,77,8,77,O3,SEDANG
5/17/2020,DKI5 (Kebon Jeruk),,57,11,14,122,7,122,O3,TIDAK SEHAT
5/18/2020,DKI5 (Kebon Jeruk),,50,8,8,79,6,79,O3,SEDANG
5/19/2020,DKI5 (Kebon Jeruk),,34,9,13,119,9,119,O3,TIDAK SEHAT
5/20/2020,DKI4 (Lubang Buaya),,61,23,11,73,3,73,O3,SEDANG
5/21/2020,DKI2 (Kelapa Gading),,33,23,9,79,12,79,O3,SEDANG
5/22/2020,DKI5 (Kebon Jeruk),,51,10,15,88,8,88,O3,SEDANG
5/23/2020,DKI5 (Kebon Jeruk),,36,8,9,87,8,87,O3,SEDANG
5/24/2020,DKI2 (Kelapa Gading),,50,18,17,65,11,65,O3,SEDANG
5/25/2020,DKI4 (Lubang Buaya),,50,22,10,28,4,50,PM10,BAIK
5/26/2020,DKI4 (Lubang Buaya),,52,22,14,40,4,52,PM10,SEDANG
5/27/2020,DKI2 (Kelapa Gading),,28,16,7,76,10,76,O3,SEDANG
5/28/2020,DKI5 (Kebon Jeruk),,32,9,7,136,7,136,O3,TIDAK SEHAT
5/29/2020,DKI5 (Kebon Jeruk),,48,12,9,134,8,134,O3,TIDAK SEHAT
5/30/2020,DKI5 (Kebon Jeruk),,48,11,18,73,9,73,O3,SEDANG
5/31/2020,DKI5 (Kebon Jeruk),,52,9,17,66,9,66,O3,SEDANG
6/1/2020,DKI5 (Kebon Jeruk),,59,10,19,69,10,69,O3,SEDANG
6/2/2020,DKI5 (Kebon Jeruk),,42,10,9,57,7,57,O3,SEDANG
6/3/2020,DKI5 (Kebon Jeruk),,40,9,10,48,3,48,O3,BAIK
6/4/2020,DKI3 (Jagakarsa),,56,2,18,36,7,56,PM10,SEDANG
6/5/2020,DKI5 (Kebon Jeruk),,55,13,14,96,2,96,O3,SEDANG
6/6/2020,DKI5 (Kebon Jeruk),,59,13,14,98,4,98,O3,SEDANG
6/7/2020,DKI3 (Jagakarsa),,53,2,19,96,15,96,O3,SEDANG
6/8/2020,DKI4 (Lubang Buaya),,72,23,13,45,4,72,PM10,SEDANG
6/9/2020,DKI4 (Lubang Buaya),,81,24,19,57,5,81,PM10,SEDANG
6/10/2020,DKI1 (Bunderan HI),,67,16,10,34,10,67,PM10,SEDANG
6/11/2020,DKI5 (Kebon Jeruk),,13,13,8,79,9,79,O3,SEDANG
6/12/2020,DKI5 (Kebon Jeruk),,5,11,8,97,8,97,O3,SEDANG
6/13/2020,DKI5 (Kebon Jeruk),,53,11,10,99,7,99,O3,SEDANG
6/14/2020,DKI5 (Kebon Jeruk),,54,12,12,97,8,97,O3,SEDANG
6/15/2020,DKI5 (Kebon Jeruk),,60,13,10,95,8,95,O3,SEDANG
6/16/2020,DKI4 (Lubang Buaya),,74,24,13,43,3,74,PM10,SEDANG
6/17/2020,DKI2 (Kelapa Gading),,74,23,12,53,12,74,PM10,SEDANG
6/18/2020,DKI5 (Kebon Jeruk),,57,15,14,79,9,79,O3,SEDANG
6/19/2020,DKI5 (Kebon Jeruk),,57,11,12,75,7,75,O3,SEDANG
6/20/2020,DKI5 (Kebon Jeruk),,60,12,19,92,13,92,O3,SEDANG
6/21/2020,DKI5 (Kebon Jeruk),,57,12,14,90,8,90,O3,SEDANG
6/22/2020,DKI3 (Jagakarsa),,71,6,19,53,6,71,PM10,SEDANG
6/23/2020,DKI2 (Kelapa Gading),,58,22,10,70,11,70,O3,SEDANG
6/24/2020,DKI2 (Kelapa Gading),,58,18,11,124,19,124,O3,TIDAK SEHAT
6/25/2020,DKI5 (Kebon Jeruk),,76,16,38,85,17,85,O3,SEDANG
6/26/2020,DKI5 (Kebon Jeruk),,71,14,23,97,13,97,O3,SEDANG
6/27/2020,DKI2 (Kelapa Gading),,75,22,11,64,11,75,PM10,SEDANG
6/28/2020,DKI3 (Jagakarsa),,70,13,16,81,6,81,O3,SEDANG
6/29/2020,DKI5 (Kebon Jeruk),,56,15,10,90,11,90,O3,SEDANG
6/30/2020,DKI5 (Kebon Jeruk),,67,15,16,86,10,86,O3,SEDANG
7/1/2020,DKI5 (Kebon Jeruk),,55,15,9,94,9,94,O3,SEDANG
7/2/2020,DKI2 (Kelapa Gading),,79,24,14,64,13,79,PM10,SEDANG
7/3/2020,DKI3 (Jagakarsa),,58,14,23,88,10,88,O3,SEDANG
7/4/2020,DKI3 (Jagakarsa),,48,13,16,71,6,71,O3,SEDANG
7/5/2020,DKI4 (Lubang Buaya),,67,24,9,45,4,67,PM10,SEDANG
7/6/2020,DKI2 (Kelapa Gading),,75,39,12,53,16,75,PM10,SEDANG
7/7/2020,DKI5 (Kebon Jeruk),,42,20,11,63,12,63,O3,SEDANG
7/8/2020,DKI5 (Kebon Jeruk),,53,17,12,90,5,90,O3,SEDANG
7/9/2020,DKI2 (Kelapa Gading),,60,18,12,102,11,102,O3,TIDAK SEHAT
7/10/2020,DKI3 (Jagakarsa),,65,15,21,113,10,113,O3,TIDAK SEHAT
7/11/2020,DKI3 (Jagakarsa),,71,16,20,111,10,111,O3,TIDAK SEHAT
7/12/2020,DKI5 (Kebon Jeruk),,,14,20,79,7,79,O3,SEDANG
7/13/2020,DKI3 (Jagakarsa),,64,15,20,71,13,71,O3,SEDANG
7/14/2020,DKI2 (Kelapa Gading),,69,23,9,71,10,71,O3,SEDANG
7/15/2020,DKI4 (Lubang Buaya),,63,22,11,47,4,63,PM10,SEDANG
7/16/2020,DKI2 (Kelapa Gading),,55,20,7,44,11,55,PM10,SEDANG
7/17/2020,DKI5 (Kebon Jeruk),,48,19,11,68,7,68,O3,SEDANG
7/18/2020,DKI5 (Kebon Jeruk),,52,16,11,84,6,84,O3,SEDANG
7/19/2020,DKI5 (Kebon Jeruk),,63,15,19,90,6,90,O3,SEDANG
7/20/2020,DKI5 (Kebon Jeruk),,60,14,13,119,5,119,O3,TIDAK SEHAT
7/21/2020,DKI5 (Kebon Jeruk),,87,15,48,95,11,95,O3,SEDANG
7/22/2020,DKI5 (Kebon Jeruk),,50,15,12,75,6,75,O3,SEDANG
7/23/2020,DKI5 (Kebon Jeruk),,63,15,15,130,6,130,O3,TIDAK SEHAT
7/24/2020,DKI5 (Kebon Jeruk),,67,15,18,98,6,98,O3,SEDANG
7/25/2020,DKI5 (Kebon Jeruk),,59,15,10,92,5,92,O3,SEDANG
7/26/2020,DKI3 (Jagakarsa),,56,18,11,79,9,79,O3,SEDANG
7/27/2020,DKI5 (Kebon Jeruk),,53,19,11,89,6,89,O3,SEDANG
7/28/2020,DKI5 (Kebon Jeruk),,70,18,21,160,10,160,O3,TIDAK SEHAT
7/29/2020,DKI5 (Kebon Jeruk),,67,18,17,164,12,164,O3,TIDAK SEHAT
7/30/2020,DKI3 (Jagakarsa),,67,18,14,136,8,136,O3,TIDAK SEHAT
7/31/2020,DKI2 (Kelapa Gading),,59,20,8,115,10,115,O3,TIDAK SEHAT
8/1/2020,DKI5 (Kebon Jeruk),,63,16,16,134,8,134,O3,TIDAK SEHAT
8/2/2020,DKI2 (Kelapa Gading),,78,21,23,102,16,102,O3,TIDAK SEHAT
8/3/2020,DKI4 (Lubang Buaya),,95,26,18,84,8,95,PM10,SEDANG
8/4/2020,DKI5 (Kebon Jeruk),,54,18,12,91,8,91,O3,SEDANG
8/5/2020,DKI4 (Lubang Buaya),,86,26,13,81,5,86,PM10,SEDANG
8/6/2020,DKI5 (Kebon Jeruk),,63,21,15,108,6,108,O3,TIDAK SEHAT
8/7/2020,DKI5 (Kebon Jeruk),,58,19,11,119,5,119,O3,TIDAK SEHAT
8/8/2020,DKI4 (Lubang Buaya),,79,28,9,70,3,79,PM10,SEDANG
8/9/2020,DKI5 (Kebon Jeruk),,50,15,11,82,5,82,O3,SEDANG
8/10/2020,DKI4 (Lubang Buaya),,81,25,10,62,3,81,PM10,SEDANG
8/11/2020,DKI4 (Lubang Buaya),,96,26,11,47,4,96,PM10,SEDANG
8/12/2020,DKI4 (Lubang Buaya),,93,25,37,52,6,93,PM10,SEDANG
8/13/2020,DKI4 (Lubang Buaya),,81,24,16,37,4,81,PM10,SEDANG
8/14/2020,DKI5 (Kebon Jeruk),,41,16,17,68,11,68,O3,SEDANG
8/15/2020,DKI5 (Kebon Jeruk),,57,16,23,59,11,59,O3,SEDANG
8/16/2020,DKI3 (Jagakarsa),,46,21,20,68,6,68,O3,SEDANG
8/17/2020,DKI5 (Kebon Jeruk),,46,16,11,67,4,67,O3,SEDANG
8/18/2020,DKI5 (Kebon Jeruk),,57,17,18,99,7,99,O3,SEDANG
8/19/2020,DKI3 (Jagakarsa),,60,22,29,82,10,82,O3,SEDANG
8/20/2020,DKI3 (Jagakarsa),,57,22,18,64,8,64,O3,SEDANG
8/21/2020,DKI4 (Lubang Buaya),,71,32,5,44,7,71,PM10,SEDANG
8/22/2020,DKI4 (Lubang Buaya),,84,31,13,49,10,84,PM10,SEDANG
8/23/2020,DKI5 (Kebon Jeruk),,64,19,27,88,8,88,O3,SEDANG
8/24/2020,DKI4 (Lubang Buaya),,79,31,15,45,9,79,PM10,SEDANG
8/25/2020,DKI5 (Kebon Jeruk),,58,20,13,75,6,75,O3,SEDANG
8/26/2020,DKI5 (Kebon Jeruk),,51,20,9,100,4,100,O3,SEDANG
8/27/2020,DKI5 (Kebon Jeruk),,51,19,8,80,4,80,O3,SEDANG
8/28/2020,DKI4 (Lubang Buaya),,84,33,14,56,10,84,PM10,SEDANG
8/29/2020,DKI5 (Kebon Jeruk),,54,19,12,71,6,71,O3,SEDANG
8/30/2020,DKI5 (Kebon Jeruk),,55,21,14,79,6,79,O3,SEDANG
8/31/2020,DKI5 (Kebon Jeruk),,57,20,12,134,7,134,O3,TIDAK SEHAT
9/1/2020,DKI2 (Kelapa Gading),,69,25,8,70,13,96,PM25,SEDANG
9/2/2020,DKI2 (Kelapa Gading),,72,21,10,122,11,122,O3,TIDAK SEHAT
9/3/2020,DKI2 (Kelapa Gading),,80,21,12,94,12,94,O3,SEDANG
9/4/2020,DKI3 (Jagakarsa),,56,25,16,54,6,88,PM25,SEDANG
9/5/2020,DKI5 (Kebon Jeruk),,58,18,11,123,5,123,CO,TIDAK SEHAT
9/6/2020,DKI5 (Kebon Jeruk),,58,19,14,140,7,140,CO,TIDAK SEHAT
9/7/2020,DKI5 (Kebon Jeruk),,62,25,9,113,5,113,CO,TIDAK SEHAT
9/8/2020,DKI2 (Kelapa Gading),,64,25,6,59,11,90,PM25,SEDANG
9/9/2020,DKI3 (Jagakarsa),,54,28,11,62,9,97,PM25,SEDANG
9/10/2020,DKI5 (Kebon Jeruk),,57,18,10,141,4,141,CO,TIDAK SEHAT
9/11/2020,DKI5 (Kebon Jeruk),,64,18,20,109,8,109,CO,TIDAK SEHAT
9/12/2020,DKI2 (Kelapa Gading),,60,20,7,132,8,132,O3,TIDAK SEHAT
9/13/2020,DKI2 (Kelapa Gading),,66,20,7,130,6,130,O3,TIDAK SEHAT
9/14/2020,DKI2 (Kelapa Gading),,72,26,7,89,11,102,PM25,TIDAK SEHAT
9/15/2020,DKI5 (Kebon Jeruk),,46,19,11,99,6,99,CO,SEDANG
9/16/2020,DKI5 (Kebon Jeruk),,50,18,12,117,8,117,CO,TIDAK SEHAT
9/17/2020,DKI5 (Kebon Jeruk),,43,20,7,86,4,86,CO,SEDANG
9/18/2020,DKI3 (Jagakarsa),,56,26,17,70,8,94,PM25,SEDANG
9/19/2020,DKI3 (Jagakarsa),,56,26,16,65,6,97,PM25,SEDANG
9/20/2020,DKI3 (Jagakarsa),,56,26,16,48,6,87,PM25,SEDANG
9/21/2020,DKI5 (Kebon Jeruk),,42,19,18,91,4,91,CO,SEDANG
9/22/2020,DKI5 (Kebon Jeruk),,36,17,10,84,8,84,CO,SEDANG
9/23/2020,DKI5 (Kebon Jeruk),,54,21,22,162,7,162,CO,TIDAK SEHAT
9/24/2020,DKI3 (Jagakarsa),,51,29,16,128,8,128,O3,TIDAK SEHAT
9/25/2020,DKI3 (Jagakarsa),,52,30,17,114,7,114,O3,TIDAK SEHAT
9/26/2020,DKI5 (Kebon Jeruk),,66,20,18,118,8,118,CO,TIDAK SEHAT
9/27/2020,DKI5 (Kebon Jeruk),,61,19,17,98,8,98,CO,SEDANG
9/28/2020,DKI5 (Kebon Jeruk),,41,19,9,97,5,97,CO,SEDANG
9/29/2020,DKI4 (Lubang Buaya),,68,38,6,97,10,97,CO,SEDANG
9/30/2020,DKI3 (Jagakarsa),,50,34,12,82,5,82,O3,SEDANG
10/1/2020,DKI3 (Jagakarsa),,52,32,15,62,9,83,PM25,SEDANG
10/2/2020,DKI3 (Jagakarsa),,52,35,16,74,7,89,PM25,SEDANG
10/3/2020,DKI2 (Kelapa Gading),,55,29,15,89,16,89,O3,SEDANG
10/4/2020,DKI2 (Kelapa Gading),,59,22,12,95,9,95,O3,SEDANG
10/5/2020,DKI2 (Kelapa Gading),,44,22,7,128,8,128,O3,TIDAK SEHAT
10/6/2020,DKI2 (Kelapa Gading),,51,21,6,110,8,110,O3,TIDAK SEHAT
10/7/2020,DKI2 (Kelapa Gading),,57,30,9,92,12,92,O3,SEDANG
10/8/2020,DKI2 (Kelapa Gading),,55,23,7,109,11,109,O3,TIDAK SEHAT
10/9/2020,DKI1 (Bunderan HI),,60,18,7,87,14,99,PM25,SEDANG
10/10/2020,DKI1 (Bunderan HI),,53,17,7,60,11,74,PM25,SEDANG
10/11/2020,DKI2 (Kelapa Gading),,51,20,8,95,7,95,O3,SEDANG
10/12/2020,DKI2 (Kelapa Gading),,57,22,11,116,8,116,O3,TIDAK SEHAT
10/13/2020,DKI3 (Jagakarsa),,52,35,30,92,15,105,PM25,TIDAK SEHAT
10/14/2020,DKI3 (Jagakarsa),,56,34,25,94,12,94,O3,SEDANG
10/15/2020,DKI3 (Jagakarsa),,62,35,19,97,6,103,PM25,TIDAK SEHAT
10/16/2020,DKI2 (Kelapa Gading),,61,24,10,110,16,110,O3,TIDAK SEHAT
10/17/2020,DKI2 (Kelapa Gading),,64,25,17,99,18,99,O3,SEDANG
10/18/2020,DKI2 (Kelapa Gading),,60,23,12,71,14,82,PM25,SEDANG
10/19/2020,DKI2 (Kelapa Gading),,62,22,13,71,12,89,PM25,SEDANG
10/20/2020,DKI2 (Kelapa Gading),,63,24,13,68,14,86,PM25,SEDANG
10/21/2020,DKI3 (Jagakarsa),,44,35,15,99,11,99,O3,SEDANG
10/22/2020,DKI2 (Kelapa Gading),,53,23,12,68,14,82,PM25,SEDANG
10/23/2020,DKI3 (Jagakarsa),,39,37,10,32,5,65,PM25,SEDANG
10/24/2020,DKI3 (Jagakarsa),,39,38,10,100,5,100,O3,SEDANG
10/25/2020,DKI2 (Kelapa Gading),,46,22,10,83,12,83,O3,SEDANG
10/26/2020,DKI2 (Kelapa Gading),,53,23,11,99,10,99,O3,SEDANG
10/27/2020,DKI2 (Kelapa Gading),,52,22,14,98,23,98,O3,SEDANG
10/28/2020,DKI2 (Kelapa Gading),,66,27,18,82,16,86,PM25,SEDANG
10/29/2020,DKI2 (Kelapa Gading),,57,26,13,60,16,78,PM25,SEDANG
10/30/2020,DKI2 (Kelapa Gading),,59,23,8,58,11,86,PM25,SEDANG
10/31/2020,DKI2 (Kelapa Gading),,44,29,6,67,10,67,O3,SEDANG
11/1/2020,DKI4 (Lubang Buaya),,53,38,16,55,10,55,CO,SEDANG
11/2/2020,DKI4 (Lubang Buaya),,49,36,8,38,5,49,PM10,BAIK
11/3/2020,DKI5 (Kebon Jeruk),,40,25,12,84,4,84,CO,SEDANG
11/4/2020,DKI5 (Kebon Jeruk),,43,25,9,146,7,146,CO,TIDAK SEHAT
11/5/2020,DKI5 (Kebon Jeruk),,58,23,19,67,10,67,CO,SEDANG
11/6/2020,DKI4 (Lubang Buaya),,80,41,22,62,11,80,PM10,SEDANG
11/7/2020,DKI5 (Kebon Jeruk),,54,26,16,85,11,85,CO,SEDANG
11/8/2020,DKI4 (Lubang Buaya),,67,40,30,55,10,67,PM10,SEDANG
11/9/2020,DKI5 (Kebon Jeruk),,63,25,29,115,11,115,CO,TIDAK SEHAT
11/10/2020,DKI5 (Kebon Jeruk),,60,23,22,83,10,83,CO,SEDANG
11/11/2020,DKI5 (Kebon Jeruk),,59,24,24,111,8,111,CO,TIDAK SEHAT
11/12/2020,DKI5 (Kebon Jeruk),,57,26,12,69,7,69,CO,SEDANG
11/13/2020,DKI4 (Lubang Buaya),,57,42,5,42,7,57,PM10,SEDANG
11/14/2020,DKI5 (Kebon Jeruk),,50,24,14,135,6,135,CO,TIDAK SEHAT
11/15/2020,DKI4 (Lubang Buaya),,59,44,7,50,6,59,PM10,SEDANG
11/16/2020,DKI4 (Lubang Buaya),,64,41,9,47,5,64,PM10,SEDANG
11/17/2020,DKI4 (Lubang Buaya),,60,42,14,88,9,88,CO,SEDANG
11/18/2020,DKI5 (Kebon Jeruk),,55,25,11,104,6,104,CO,TIDAK SEHAT
11/19/2020,DKI5 (Kebon Jeruk),,59,24,22,115,11,115,CO,TIDAK SEHAT
11/20/2020,DKI4 (Lubang Buaya),,62,44,7,42,7,62,PM10,SEDANG
11/21/2020,DKI4 (Lubang Buaya),,67,41,31,44,7,67,PM10,SEDANG
11/22/2020,DKI4 (Lubang Buaya),,66,42,41,57,10,66,PM10,SEDANG
11/23/2020,DKI4 (Lubang Buaya),,69,42,23,64,8,69,PM10,SEDANG
11/24/2020,DKI5 (Kebon Jeruk),,36,25,9,71,4,71,CO,SEDANG
11/25/2020,DKI4 (Lubang Buaya),,52,41,21,46,8,52,PM10,SEDANG
11/26/2020,DKI4 (Lubang Buaya),,60,42,23,93,7,93,CO,SEDANG
11/27/2020,DKI4 (Lubang Buaya),,47,43,8,78,7,78,CO,SEDANG
11/28/2020,DKI5 (Kebon Jeruk),,36,27,11,84,9,84,CO,SEDANG
11/29/2020,DKI4 (Lubang Buaya),,46,40,9,58,5,58,CO,SEDANG
11/30/2020,DKI4 (Lubang Buaya),,22,39,6,23,3,39,PM25,BAIK
12/1/2020,DKI3 (Jagakarsa),,47,43,15,17,5,75,PM25,SEDANG
12/2/2020,DKI3 (Jagakarsa),,51,43,7,27,4,72,PM25,SEDANG
12/3/2020,DKI2 (Kelapa Gading),,32,20,9,68,18,68,O3,SEDANG
12/4/2020,DKI3 (Jagakarsa),,46,50,6,30,8,64,PM25,SEDANG
12/5/2020,DKI5 (Kebon Jeruk),,25,30,5,48,2,48,CO,BAIK
12/6/2020,DKI2 (Kelapa Gading),,35,23,8,34,7,52,PM25,SEDANG
12/7/2020,DKI3 (Jagakarsa),,22,44,6,20,1,44,SO2,BAIK
12/8/2020,DKI1 (Bunderan HI),,36,31,8,23,8,52,PM25,SEDANG
12/9/2020,DKI1 (Bunderan HI),,32,22,5,25,8,46,PM25,BAIK
12/10/2020,DKI1 (Bunderan HI),,32,30,4,25,7,48,PM25,BAIK
12/11/2020,DKI3 (Jagakarsa),,34,51,12,38,5,55,PM25,SEDANG
12/12/2020,DKI3 (Jagakarsa),,38,51,7,23,6,51,PM25,SEDANG
12/13/2020,DKI2 (Kelapa Gading),,29,23,7,40,12,46,PM25,BAIK
12/14/2020,DKI2 (Kelapa Gading),,27,22,7,54,9,54,O3,SEDANG
12/15/2020,DKI3 (Jagakarsa),,45,,,,5,75,PM25,SEDANG
12/16/2020,DKI3 (Jagakarsa),,32,,13,12,5,56,PM25,SEDANG
12/17/2020,DKI2 (Kelapa Gading),,25,22,6,45,14,46,PM25,BAIK
12/18/2020,DKI2 (Kelapa Gading),,26,22,5,46,5,46,O3,BAIK
12/19/2020,DKI3 (Jagakarsa),,39,,12,33,3,53,PM25,SEDANG
12/20/2020,DKI2 (Kelapa Gading),,38,23,8,39,6,55,PM25,SEDANG
12/21/2020,DKI4 (Lubang Buaya),,16,41,6,15,3,41,PM25,BAIK
12/22/2020,DKI3 (Jagakarsa),,40,24,10,20,3,61,PM25,SEDANG
12/23/2020,DKI3 (Jagakarsa),,68,15,25,29,5,106,PM25,TIDAK SEHAT
12/24/2020,DKI3 (Jagakarsa),,52,16,9,42,6,69,PM25,SEDANG
12/25/2020,DKI3 (Jagakarsa),,39,14,7,28,3,53,PM25,SEDANG
12/26/2020,DKI3 (Jagakarsa),,37,13,5,27,2,52,PM25,SEDANG
12/27/2020,DKI3 (Jagakarsa),,44,15,8,48,4,59,PM25,SEDANG
12/28/2020,DKI3 (Jagakarsa),,45,14,12,53,4,57,PM25,SEDANG
12/29/2020,DKI2 (Kelapa Gading),,26,23,4,45,19,45,PM25,BAIK
12/30/2020,DKI2 (Kelapa Gading),,25,,6,54,4,54,O3,SEDANG
12/31/2020,DKI2 (Kelapa Gading),,33,16,11,64,9,64,O3,SEDANG
